country,iso3,rcc,facility_name,facility_type,source_osm_type,osm_id,lat,lon,source,match_key_country_facility,name,addr_city,addr_city_ar,addr_city_fr,addr_street,amenity,description,fixme,healthcare,healthcare_speciality,name_ar,name_en,name_fr,opening_hours,operator,operator_ar,operator_fr,operator_type,phone,website,wheelchair,barrier,building,email,emergency,health_facility_type,name_cs,name_de,name_es,type,facility_key
Djibouti,DJI,Eastern Africa RCC,NA,hospital,points,2195660097,11.542737,43.1482109,OpenStreetMap via osmdata,djibouti | NA,NA,NA,NA,NA,NA,hospital,NA,NA,hospital,NA,NA,NA,NA,NA,NA,NA,NA,NA,NA,NA,NA,NA,NA,NA,NA,NA,NA,NA,NA,NA,NA
Djibouti,DJI,Eastern Africa RCC,NA,NA,points,2367012566,11.5712811,43.1329258,OpenStreetMap via osmdata,djibouti | NA,NA,NA,NA,NA,NA,NA,NA,NA,NA,NA,NA,NA,NA,NA,NA,NA,NA,NA,NA,NA,NA,NA,NA,NA,NA,NA,NA,NA,NA,NA,NA
Djibouti,DJI,Eastern Africa RCC,NA,NA,points,2367012575,11.5713267,43.1329571,OpenStreetMap via osmdata,djibouti | NA,NA,NA,NA,NA,NA,NA,NA,NA,NA,NA,NA,NA,NA,NA,NA,NA,NA,NA,NA,NA,NA,NA,NA,NA,NA,NA,NA,NA,NA,NA,NA
Djibouti,DJI,Eastern Africa RCC,NA,NA,points,2367012578,11.5713552,43.1329783,OpenStreetMap via osmdata,djibouti | NA,NA,NA,NA,NA,NA,NA,NA,NA,NA,NA,NA,NA,NA,NA,NA,NA,NA,NA,NA,NA,NA,NA,NA,NA,NA,NA,NA,NA,NA,NA,NA
Djibouti,DJI,Eastern Africa RCC,NA,NA,points,3424488000,11.5571896,43.1242403,OpenStreetMap via osmdata,djibouti | NA,NA,NA,NA,NA,NA,NA,NA,NA,NA,NA,NA,NA,NA,NA,NA,NA,NA,NA,NA,NA,NA,NA,NA,NA,NA,NA,NA,NA,NA,NA,NA
Djibouti,DJI,Eastern Africa RCC,NA,NA,points,3424488002,11.5666875,43.1044019,OpenStreetMap via osmdata,djibouti | NA,NA,NA,NA,NA,NA,NA,NA,NA,NA,NA,NA,NA,NA,NA,NA,NA,NA,NA,NA,NA,NA,NA,NA,NA,NA,NA,NA,NA,NA,NA,NA
Djibouti,DJI,Eastern Africa RCC,NA,NA,points,3424488003,11.5667157,43.1035968,OpenStreetMap via osmdata,djibouti | NA,NA,NA,NA,NA,NA,NA,NA,NA,NA,NA,NA,NA,NA,NA,NA,NA,NA,NA,NA,NA,NA,NA,NA,NA,NA,NA,NA,NA,NA,NA,NA
Djibouti,DJI,Eastern Africa RCC,NA,NA,points,3424488004,11.5670478,43.1035941,OpenStreetMap via osmdata,djibouti | NA,NA,NA,NA,NA,NA,NA,NA,NA,NA,NA,NA,NA,NA,NA,NA,NA,NA,NA,NA,NA,NA,NA,NA,NA,NA,NA,NA,NA,NA,NA,NA
Djibouti,DJI,Eastern Africa RCC,NA,NA,points,3424488006,11.5670542,43.1043989,OpenStreetMap via osmdata,djibouti | NA,NA,NA,NA,NA,NA,NA,NA,NA,NA,NA,NA,NA,NA,NA,NA,NA,NA,NA,NA,NA,NA,NA,NA,NA,NA,NA,NA,NA,NA,NA,NA
Djibouti,DJI,Eastern Africa RCC,NA,NA,points,3780627638,11.1582565,42.7087452,OpenStreetMap via osmdata,djibouti | NA,NA,NA,NA,NA,NA,NA,NA,NA,NA,NA,NA,NA,NA,NA,NA,NA,NA,NA,NA,NA,NA,NA,NA,NA,NA,NA,NA,NA,NA,NA,NA
Djibouti,DJI,Eastern Africa RCC,NA,NA,points,3780627639,11.1584756,42.7093386,OpenStreetMap via osmdata,djibouti | NA,NA,NA,NA,NA,NA,NA,NA,NA,NA,NA,NA,NA,NA,NA,NA,NA,NA,NA,NA,NA,NA,NA,NA,NA,NA,NA,NA,NA,NA,NA,NA
Djibouti,DJI,Eastern Africa RCC,NA,NA,points,3780627640,11.1579983,42.709535700000004,OpenStreetMap via osmdata,djibouti | NA,NA,NA,NA,NA,NA,NA,NA,NA,NA,NA,NA,NA,NA,NA,NA,NA,NA,NA,NA,NA,NA,NA,NA,NA,NA,NA,NA,NA,NA,NA,NA
Djibouti,DJI,Eastern Africa RCC,NA,NA,points,3780627641,11.1577567,42.7089369,OpenStreetMap via osmdata,djibouti | NA,NA,NA,NA,NA,NA,NA,NA,NA,NA,NA,NA,NA,NA,NA,NA,NA,NA,NA,NA,NA,NA,NA,NA,NA,NA,NA,NA,NA,NA,NA,NA
Djibouti,DJI,Eastern Africa RCC,NA,NA,points,3780627654,11.1578188,42.7089131,OpenStreetMap via osmdata,djibouti | NA,NA,NA,NA,NA,NA,NA,NA,NA,NA,NA,NA,NA,NA,NA,NA,NA,NA,NA,NA,NA,NA,NA,NA,NA,NA,NA,NA,NA,NA,NA,NA
Djibouti,DJI,Eastern Africa RCC,NA,NA,points,3780627656,11.1577828,42.7090076,OpenStreetMap via osmdata,djibouti | NA,NA,NA,NA,NA,NA,NA,NA,NA,NA,NA,NA,NA,NA,NA,NA,NA,NA,NA,NA,NA,NA,NA,NA,NA,NA,NA,NA,NA,NA,NA,NA
Djibouti,DJI,Eastern Africa RCC,NA,NA,points,3789254444,11.5560699,43.1235444,OpenStreetMap via osmdata,djibouti | NA,NA,NA,NA,NA,NA,NA,NA,NA,NA,NA,NA,NA,NA,NA,NA,NA,NA,NA,NA,NA,NA,NA,NA,NA,NA,NA,NA,NA,NA,NA,NA
Djibouti,DJI,Eastern Africa RCC,NA,NA,points,3789254446,11.5557174,43.1241612,OpenStreetMap via osmdata,djibouti | NA,NA,NA,NA,NA,NA,NA,NA,NA,NA,NA,NA,NA,NA,NA,NA,NA,NA,NA,NA,NA,NA,NA,NA,NA,NA,NA,NA,NA,NA,NA,NA
Djibouti,DJI,Eastern Africa RCC,NA,NA,points,3789254447,11.5568486,43.1248612,OpenStreetMap via osmdata,djibouti | NA,NA,NA,NA,NA,NA,NA,NA,NA,NA,NA,NA,NA,NA,NA,NA,NA,NA,NA,NA,NA,NA,NA,NA,NA,NA,NA,NA,NA,NA,NA,NA
Djibouti,DJI,Eastern Africa RCC,NA,NA,points,4026402501,11.2984945,42.9141925,OpenStreetMap via osmdata,djibouti | NA,NA,NA,NA,NA,NA,NA,NA,NA,NA,NA,NA,NA,NA,NA,NA,NA,NA,NA,NA,NA,NA,NA,NA,NA,NA,NA,NA,NA,NA,NA,NA
Djibouti,DJI,Eastern Africa RCC,NA,NA,points,4026402508,11.2985789,42.9143964,OpenStreetMap via osmdata,djibouti | NA,NA,NA,NA,NA,NA,NA,NA,NA,NA,NA,NA,NA,NA,NA,NA,NA,NA,NA,NA,NA,NA,NA,NA,NA,NA,NA,NA,NA,NA,NA,NA
Djibouti,DJI,Eastern Africa RCC,NA,NA,points,4026402509,11.298586,42.9142428,OpenStreetMap via osmdata,djibouti | NA,NA,NA,NA,NA,NA,NA,NA,NA,NA,NA,NA,NA,NA,NA,NA,NA,NA,NA,NA,NA,NA,NA,NA,NA,NA,NA,NA,NA,NA,NA,NA
Djibouti,DJI,Eastern Africa RCC,NA,NA,points,4026402511,11.2986138,42.9143099,OpenStreetMap via osmdata,djibouti | NA,NA,NA,NA,NA,NA,NA,NA,NA,NA,NA,NA,NA,NA,NA,NA,NA,NA,NA,NA,NA,NA,NA,NA,NA,NA,NA,NA,NA,NA,NA,NA
Djibouti,DJI,Eastern Africa RCC,NA,NA,points,4026402512,11.2986408,42.9141295,OpenStreetMap via osmdata,djibouti | NA,NA,NA,NA,NA,NA,NA,NA,NA,NA,NA,NA,NA,NA,NA,NA,NA,NA,NA,NA,NA,NA,NA,NA,NA,NA,NA,NA,NA,NA,NA,NA
Djibouti,DJI,Eastern Africa RCC,NA,NA,points,4026402515,11.2986756,42.9145387,OpenStreetMap via osmdata,djibouti | NA,NA,NA,NA,NA,NA,NA,NA,NA,NA,NA,NA,NA,NA,NA,NA,NA,NA,NA,NA,NA,NA,NA,NA,NA,NA,NA,NA,NA,NA,NA,NA
Djibouti,DJI,Eastern Africa RCC,NA,NA,points,4026402516,11.2986653,42.9147478,OpenStreetMap via osmdata,djibouti | NA,NA,NA,NA,NA,NA,NA,NA,NA,NA,NA,NA,NA,NA,NA,NA,NA,NA,NA,NA,NA,NA,NA,NA,NA,NA,NA,NA,NA,NA,NA,NA
Djibouti,DJI,Eastern Africa RCC,NA,NA,points,4026402517,11.2986723,42.9142056,OpenStreetMap via osmdata,djibouti | NA,NA,NA,NA,NA,NA,NA,NA,NA,NA,NA,NA,NA,NA,NA,NA,NA,NA,NA,NA,NA,NA,NA,NA,NA,NA,NA,NA,NA,NA,NA,NA
Djibouti,DJI,Eastern Africa RCC,NA,NA,points,4026402519,11.2987011,42.9142723,OpenStreetMap via osmdata,djibouti | NA,NA,NA,NA,NA,NA,NA,NA,NA,NA,NA,NA,NA,NA,NA,NA,NA,NA,NA,NA,NA,NA,NA,NA,NA,NA,NA,NA,NA,NA,NA,NA
Djibouti,DJI,Eastern Africa RCC,NA,NA,points,4026402522,11.2987262,42.914333,OpenStreetMap via osmdata,djibouti | NA,NA,NA,NA,NA,NA,NA,NA,NA,NA,NA,NA,NA,NA,NA,NA,NA,NA,NA,NA,NA,NA,NA,NA,NA,NA,NA,NA,NA,NA,NA,NA
Djibouti,DJI,Eastern Africa RCC,NA,NA,points,4026402532,11.2989569,42.9145532,OpenStreetMap via osmdata,djibouti | NA,NA,NA,NA,NA,NA,NA,NA,NA,NA,NA,NA,NA,NA,NA,NA,NA,NA,NA,NA,NA,NA,NA,NA,NA,NA,NA,NA,NA,NA,NA,NA
Djibouti,DJI,Eastern Africa RCC,NA,NA,points,4026402533,11.2989465,42.9147623,OpenStreetMap via osmdata,djibouti | NA,NA,NA,NA,NA,NA,NA,NA,NA,NA,NA,NA,NA,NA,NA,NA,NA,NA,NA,NA,NA,NA,NA,NA,NA,NA,NA,NA,NA,NA,NA,NA
Djibouti,DJI,Eastern Africa RCC,NA,NA,points,4026514390,11.1290275,42.8900205,OpenStreetMap via osmdata,djibouti | NA,NA,NA,NA,NA,NA,NA,NA,NA,NA,NA,NA,NA,NA,NA,NA,NA,NA,NA,NA,NA,NA,NA,NA,NA,NA,NA,NA,NA,NA,NA,NA
Djibouti,DJI,Eastern Africa RCC,NA,NA,points,4026514391,11.1290719,42.8897028,OpenStreetMap via osmdata,djibouti | NA,NA,NA,NA,NA,NA,NA,NA,NA,NA,NA,NA,NA,NA,NA,NA,NA,NA,NA,NA,NA,NA,NA,NA,NA,NA,NA,NA,NA,NA,NA,NA
Djibouti,DJI,Eastern Africa RCC,NA,NA,points,4026514392,11.1296194,42.890109699999996,OpenStreetMap via osmdata,djibouti | NA,NA,NA,NA,NA,NA,NA,NA,NA,NA,NA,NA,NA,NA,NA,NA,NA,NA,NA,NA,NA,NA,NA,NA,NA,NA,NA,NA,NA,NA,NA,NA
Djibouti,DJI,Eastern Africa RCC,NA,NA,points,4026514393,11.1296789,42.8898178,OpenStreetMap via osmdata,djibouti | NA,NA,NA,NA,NA,NA,NA,NA,NA,NA,NA,NA,NA,NA,NA,NA,NA,NA,NA,NA,NA,NA,NA,NA,NA,NA,NA,NA,NA,NA,NA,NA
Djibouti,DJI,Eastern Africa RCC,NA,NA,points,4027449293,11.1322071,42.892148,OpenStreetMap via osmdata,djibouti | NA,NA,NA,NA,NA,NA,NA,NA,NA,NA,NA,NA,NA,NA,NA,NA,NA,NA,NA,NA,NA,NA,NA,NA,NA,NA,NA,NA,NA,NA,NA,NA
Djibouti,DJI,Eastern Africa RCC,NA,NA,points,4027449295,11.132131,42.8917572,OpenStreetMap via osmdata,djibouti | NA,NA,NA,NA,NA,NA,NA,NA,NA,NA,NA,NA,NA,NA,NA,NA,NA,NA,NA,NA,NA,NA,NA,NA,NA,NA,NA,NA,NA,NA,NA,NA
Djibouti,DJI,Eastern Africa RCC,NA,NA,points,4327186392,11.5713067,43.1329436,OpenStreetMap via osmdata,djibouti | NA,NA,NA,NA,NA,NA,NA,NA,NA,NA,NA,NA,NA,NA,NA,NA,NA,NA,NA,NA,NA,NA,NA,NA,NA,NA,NA,NA,NA,NA,NA,NA
Djibouti,DJI,Eastern Africa RCC,NA,NA,points,5311729691,11.5557991,43.1134264,OpenStreetMap via osmdata,djibouti | NA,NA,NA,NA,NA,NA,NA,NA,NA,NA,NA,NA,NA,NA,NA,NA,NA,NA,NA,NA,NA,NA,NA,NA,NA,NA,NA,NA,NA,NA,NA,NA
Djibouti,DJI,Eastern Africa RCC,NA,NA,points,5311729692,11.5557985,43.1133627,OpenStreetMap via osmdata,djibouti | NA,NA,NA,NA,NA,NA,NA,NA,NA,NA,NA,NA,NA,NA,NA,NA,NA,NA,NA,NA,NA,NA,NA,NA,NA,NA,NA,NA,NA,NA,NA,NA
Djibouti,DJI,Eastern Africa RCC,NA,NA,points,5311729693,11.555897,43.1133619,OpenStreetMap via osmdata,djibouti | NA,NA,NA,NA,NA,NA,NA,NA,NA,NA,NA,NA,NA,NA,NA,NA,NA,NA,NA,NA,NA,NA,NA,NA,NA,NA,NA,NA,NA,NA,NA,NA
Djibouti,DJI,Eastern Africa RCC,NA,NA,points,5311729694,11.5558976,43.1134255,OpenStreetMap via osmdata,djibouti | NA,NA,NA,NA,NA,NA,NA,NA,NA,NA,NA,NA,NA,NA,NA,NA,NA,NA,NA,NA,NA,NA,NA,NA,NA,NA,NA,NA,NA,NA,NA,NA
Djibouti,DJI,Eastern Africa RCC,Pharmacie populaire,pharmacy,points,5313246188,11.5576613,43.1004897,OpenStreetMap via osmdata,djibouti | pharmacie populaire,Pharmacie populaire,Balbala,بلبالا,Balbala,NA,pharmacy,NA,NA,pharmacy,NA,NA,NA,Pharmacie populaire,NA,NA,NA,NA,NA,NA,NA,NA,NA,NA,NA,NA,NA,NA,NA,NA,NA,pharmacie populaire
Djibouti,DJI,Eastern Africa RCC,NA,NA,points,5313290268,11.555944,43.1057248,OpenStreetMap via osmdata,djibouti | NA,NA,NA,NA,NA,NA,NA,NA,NA,NA,NA,NA,NA,NA,NA,NA,NA,NA,NA,NA,NA,NA,NA,NA,NA,NA,NA,NA,NA,NA,NA,NA
Djibouti,DJI,Eastern Africa RCC,Maison de santé مركز صحي,clinic,points,5313346185,11.5539823,43.0982481,OpenStreetMap via osmdata,djibouti | maison de sante,Maison de santé مركز صحي,بلبالا,NA,NA,NA,clinic,NA,NA,clinic,NA,مركز صحي,NA,Maison de santé,NA,NA,NA,NA,NA,NA,NA,NA,NA,NA,NA,NA,NA,NA,NA,NA,NA,maison de sante
Djibouti,DJI,Eastern Africa RCC,NA,NA,points,5314084814,11.5015227,42.8624135,OpenStreetMap via osmdata,djibouti | NA,NA,NA,NA,NA,NA,NA,NA,NA,NA,NA,NA,NA,NA,NA,NA,NA,NA,NA,NA,NA,NA,NA,NA,NA,NA,NA,NA,NA,NA,NA,NA
Djibouti,DJI,Eastern Africa RCC,NA,NA,points,5314084815,11.501733,42.862899,OpenStreetMap via osmdata,djibouti | NA,NA,NA,NA,NA,NA,NA,NA,NA,NA,NA,NA,NA,NA,NA,NA,NA,NA,NA,NA,NA,NA,NA,NA,NA,NA,NA,NA,NA,NA,NA,NA
Djibouti,DJI,Eastern Africa RCC,NA,NA,points,5314084816,11.5020326,42.8627193,OpenStreetMap via osmdata,djibouti | NA,NA,NA,NA,NA,NA,NA,NA,NA,NA,NA,NA,NA,NA,NA,NA,NA,NA,NA,NA,NA,NA,NA,NA,NA,NA,NA,NA,NA,NA,NA,NA
Djibouti,DJI,Eastern Africa RCC,NA,NA,points,5314084817,11.5018197,42.8622311,OpenStreetMap via osmdata,djibouti | NA,NA,NA,NA,NA,NA,NA,NA,NA,NA,NA,NA,NA,NA,NA,NA,NA,NA,NA,NA,NA,NA,NA,NA,NA,NA,NA,NA,NA,NA,NA,NA
Djibouti,DJI,Eastern Africa RCC,NA,pharmacy,points,5314085236,11.5502166,43.1085917,OpenStreetMap via osmdata,djibouti | NA,NA,NA,NA,NA,NA,pharmacy,NA,NA,pharmacy,NA,NA,NA,NA,NA,NA,NA,NA,NA,NA,NA,NA,NA,NA,NA,NA,NA,NA,NA,NA,NA,NA
Djibouti,DJI,Eastern Africa RCC,Pharmacie Place Cheick Moussa صيدلية ساحة الشيخ موسى,pharmacy,points,5317174086,11.5623887,43.1152064,OpenStreetMap via osmdata,djibouti | pharmacie place cheick moussa,Pharmacie Place Cheick Moussa صيدلية ساحة الشيخ موسى,NA,NA,NA,NA,pharmacy,NA,NA,pharmacy,NA,صيدلية ساحة الشيخ موسى,NA,Pharmacie Place Cheick Moussa,NA,NA,NA,NA,NA,NA,NA,NA,NA,NA,NA,NA,NA,NA,NA,NA,NA,pharmacie place cheick moussa
Djibouti,DJI,Eastern Africa RCC,NA,NA,points,5317202432,11.5497607,43.1115798,OpenStreetMap via osmdata,djibouti | NA,NA,NA,NA,NA,NA,NA,NA,NA,NA,NA,NA,NA,NA,NA,NA,NA,NA,NA,NA,NA,NA,NA,NA,NA,NA,NA,NA,NA,NA,NA,NA
Djibouti,DJI,Eastern Africa RCC,NA,NA,points,5317202435,11.5499789,43.1115772,OpenStreetMap via osmdata,djibouti | NA,NA,NA,NA,NA,NA,NA,NA,NA,NA,NA,NA,NA,NA,NA,NA,NA,NA,NA,NA,NA,NA,NA,NA,NA,NA,NA,NA,NA,NA,NA,NA
Djibouti,DJI,Eastern Africa RCC,NA,NA,points,5317202436,11.549057,43.1115908,OpenStreetMap via osmdata,djibouti | NA,NA,NA,NA,NA,NA,NA,NA,NA,NA,NA,NA,NA,NA,NA,NA,NA,NA,NA,NA,NA,NA,NA,NA,NA,NA,NA,NA,NA,NA,NA,NA
Djibouti,DJI,Eastern Africa RCC,NA,NA,points,5317202437,11.5490728,43.1129613,OpenStreetMap via osmdata,djibouti | NA,NA,NA,NA,NA,NA,NA,NA,NA,NA,NA,NA,NA,NA,NA,NA,NA,NA,NA,NA,NA,NA,NA,NA,NA,NA,NA,NA,NA,NA,NA,NA
Djibouti,DJI,Eastern Africa RCC,NA,NA,points,5317202439,11.5508499,43.1115679,OpenStreetMap via osmdata,djibouti | NA,NA,NA,NA,NA,NA,NA,NA,NA,NA,NA,NA,NA,NA,NA,NA,NA,NA,NA,NA,NA,NA,NA,NA,NA,NA,NA,NA,NA,NA,NA,NA
Djibouti,DJI,Eastern Africa RCC,NA,NA,points,5320790393,11.5563853,43.1495063,OpenStreetMap via osmdata,djibouti | NA,NA,NA,NA,NA,NA,NA,NA,NA,NA,NA,NA,NA,NA,NA,NA,NA,NA,NA,NA,NA,NA,NA,NA,NA,NA,NA,NA,NA,NA,NA,NA
Djibouti,DJI,Eastern Africa RCC,NA,NA,points,5320790394,11.5566127,43.1500005,OpenStreetMap via osmdata,djibouti | NA,NA,NA,NA,NA,NA,NA,NA,NA,NA,NA,NA,NA,NA,NA,NA,NA,NA,NA,NA,NA,NA,NA,NA,NA,NA,NA,NA,NA,NA,NA,NA
Djibouti,DJI,Eastern Africa RCC,NA,NA,points,5320790395,11.5561075,43.1502583,OpenStreetMap via osmdata,djibouti | NA,NA,NA,NA,NA,NA,NA,NA,NA,NA,NA,NA,NA,NA,NA,NA,NA,NA,NA,NA,NA,NA,NA,NA,NA,NA,NA,NA,NA,NA,NA,NA
Djibouti,DJI,Eastern Africa RCC,NA,NA,points,5320790396,11.5558801,43.149777,OpenStreetMap via osmdata,djibouti | NA,NA,NA,NA,NA,NA,NA,NA,NA,NA,NA,NA,NA,NA,NA,NA,NA,NA,NA,NA,NA,NA,NA,NA,NA,NA,NA,NA,NA,NA,NA,NA
Djibouti,DJI,Eastern Africa RCC,NA,NA,points,5322841528,11.7867812,42.885559,OpenStreetMap via osmdata,djibouti | NA,NA,NA,NA,NA,NA,NA,NA,NA,NA,NA,NA,NA,NA,NA,NA,NA,NA,NA,NA,NA,NA,NA,NA,NA,NA,NA,NA,NA,NA,NA,NA
Djibouti,DJI,Eastern Africa RCC,NA,NA,points,5322841529,11.7873673,42.8860055,OpenStreetMap via osmdata,djibouti | NA,NA,NA,NA,NA,NA,NA,NA,NA,NA,NA,NA,NA,NA,NA,NA,NA,NA,NA,NA,NA,NA,NA,NA,NA,NA,NA,NA,NA,NA,NA,NA
Djibouti,DJI,Eastern Africa RCC,NA,NA,points,5322841530,11.7875261,42.8862599,OpenStreetMap via osmdata,djibouti | NA,NA,NA,NA,NA,NA,NA,NA,NA,NA,NA,NA,NA,NA,NA,NA,NA,NA,NA,NA,NA,NA,NA,NA,NA,NA,NA,NA,NA,NA,NA,NA
Djibouti,DJI,Eastern Africa RCC,NA,NA,points,5322841531,11.7873215,42.8867033,OpenStreetMap via osmdata,djibouti | NA,NA,NA,NA,NA,NA,NA,NA,NA,NA,NA,NA,NA,NA,NA,NA,NA,NA,NA,NA,NA,NA,NA,NA,NA,NA,NA,NA,NA,NA,NA,NA
Djibouti,DJI,Eastern Africa RCC,NA,NA,points,5322841532,11.7871412,42.8869979,OpenStreetMap via osmdata,djibouti | NA,NA,NA,NA,NA,NA,NA,NA,NA,NA,NA,NA,NA,NA,NA,NA,NA,NA,NA,NA,NA,NA,NA,NA,NA,NA,NA,NA,NA,NA,NA,NA
Djibouti,DJI,Eastern Africa RCC,NA,NA,points,5322841533,11.7868987,42.8872859,OpenStreetMap via osmdata,djibouti | NA,NA,NA,NA,NA,NA,NA,NA,NA,NA,NA,NA,NA,NA,NA,NA,NA,NA,NA,NA,NA,NA,NA,NA,NA,NA,NA,NA,NA,NA,NA,NA
Djibouti,DJI,Eastern Africa RCC,NA,NA,points,5322841534,11.7865447,42.887018,OpenStreetMap via osmdata,djibouti | NA,NA,NA,NA,NA,NA,NA,NA,NA,NA,NA,NA,NA,NA,NA,NA,NA,NA,NA,NA,NA,NA,NA,NA,NA,NA,NA,NA,NA,NA,NA,NA
Djibouti,DJI,Eastern Africa RCC,NA,NA,points,5322841535,11.7865938,42.8864053,OpenStreetMap via osmdata,djibouti | NA,NA,NA,NA,NA,NA,NA,NA,NA,NA,NA,NA,NA,NA,NA,NA,NA,NA,NA,NA,NA,NA,NA,NA,NA,NA,NA,NA,NA,NA,NA,NA
Djibouti,DJI,Eastern Africa RCC,NA,NA,points,5322841536,11.786692,42.885794,OpenStreetMap via osmdata,djibouti | NA,NA,NA,NA,NA,NA,NA,NA,NA,NA,NA,NA,NA,NA,NA,NA,NA,NA,NA,NA,NA,NA,NA,NA,NA,NA,NA,NA,NA,NA,NA,NA
Djibouti,DJI,Eastern Africa RCC,NA,NA,points,5322841538,11.7866289,42.8860708,OpenStreetMap via osmdata,djibouti | NA,NA,NA,NA,NA,NA,NA,NA,NA,NA,NA,NA,NA,NA,NA,NA,NA,NA,NA,NA,NA,NA,NA,NA,NA,NA,NA,NA,NA,NA,NA,NA
Djibouti,DJI,Eastern Africa RCC,Pharmacie de l'Aviation صيدلية الطيران,pharmacy,points,5335418845,11.5593891,43.1480623,OpenStreetMap via osmdata,djibouti | pharmacie de l aviation,Pharmacie de l'Aviation صيدلية الطيران,جيبوتي,NA,NA,NA,pharmacy,NA,NA,pharmacy,NA,صيدلية الطيران,NA,Pharmacie de l'Aviation,NA,NA,NA,NA,NA,NA,NA,NA,NA,NA,NA,NA,NA,NA,NA,NA,NA,pharmacie de l aviation
Djibouti,DJI,Eastern Africa RCC,Al-Ouma الأمة,pharmacy,points,5349267468,11.5495754,43.1113601,OpenStreetMap via osmdata,djibouti | al ouma,Al-Ouma الأمة,جيبوتي,جيبوتي,NA,NA,pharmacy,NA,NA,pharmacy,NA,الأمة,NA,Al-Ouma,NA,NA,NA,NA,private,NA,NA,yes,NA,NA,NA,NA,NA,NA,NA,NA,NA,al ouma
Djibouti,DJI,Eastern Africa RCC,NA,NA,points,5357233010,11.5510774,43.1115479,OpenStreetMap via osmdata,djibouti | NA,NA,NA,NA,NA,NA,NA,NA,NA,NA,NA,NA,NA,NA,NA,NA,NA,NA,NA,NA,NA,NA,NA,NA,NA,NA,NA,NA,NA,NA,NA,NA
Djibouti,DJI,Eastern Africa RCC,NA,NA,points,5357233012,11.5512692,43.1117362,OpenStreetMap via osmdata,djibouti | NA,NA,NA,NA,NA,NA,NA,NA,NA,NA,NA,NA,NA,NA,NA,NA,NA,NA,NA,NA,NA,NA,NA,NA,NA,NA,NA,NA,NA,NA,NA,NA
Djibouti,DJI,Eastern Africa RCC,NA,NA,points,5357233013,11.5513933,43.1116046,OpenStreetMap via osmdata,djibouti | NA,NA,NA,NA,NA,NA,NA,NA,NA,NA,NA,NA,NA,NA,NA,NA,NA,NA,NA,NA,NA,NA,NA,NA,NA,NA,NA,NA,NA,NA,NA,NA
Djibouti,DJI,Eastern Africa RCC,NA,NA,points,5357233014,11.5512015,43.1114162,OpenStreetMap via osmdata,djibouti | NA,NA,NA,NA,NA,NA,NA,NA,NA,NA,NA,NA,NA,NA,NA,NA,NA,NA,NA,NA,NA,NA,NA,NA,NA,NA,NA,NA,NA,NA,NA,NA
Djibouti,DJI,Eastern Africa RCC,Centre de santé communautaire Tora-Dora,hospital,points,5380475275,11.5538424,43.0807657,OpenStreetMap via osmdata,djibouti | centre de sante communautaire tora dora,Centre de santé communautaire Tora-Dora,NA,NA,NA,NA,hospital,NA,NA,hospital,general,NA,NA,Centre de santé communautaire Tora-Dora,NA,Ministère de la Santé,وزارة الصحة,Ministère de la Santé,NA,NA,NA,NA,NA,NA,NA,NA,NA,NA,NA,NA,NA,centre de sante communautaire tora dora
Djibouti,DJI,Eastern Africa RCC,NA,NA,points,5380475277,11.5565837,43.1056516,OpenStreetMap via osmdata,djibouti | NA,NA,NA,NA,NA,NA,NA,NA,NA,NA,NA,NA,NA,NA,NA,NA,NA,NA,NA,NA,NA,NA,NA,NA,NA,NA,NA,NA,NA,NA,NA,NA
Djibouti,DJI,Eastern Africa RCC,NA,NA,points,5380475278,11.5567528,43.106046,OpenStreetMap via osmdata,djibouti | NA,NA,NA,NA,NA,NA,NA,NA,NA,NA,NA,NA,NA,NA,NA,NA,NA,NA,NA,NA,NA,NA,NA,NA,NA,NA,NA,NA,NA,NA,NA,NA
Djibouti,DJI,Eastern Africa RCC,NA,NA,points,5380475279,11.5560313,43.1060922,OpenStreetMap via osmdata,djibouti | NA,NA,NA,NA,NA,NA,NA,NA,NA,NA,NA,NA,NA,NA,NA,NA,NA,NA,NA,NA,NA,NA,NA,NA,NA,NA,NA,NA,NA,NA,NA,NA
Djibouti,DJI,Eastern Africa RCC,NA,NA,points,5380475280,11.5562034,43.105704,OpenStreetMap via osmdata,djibouti | NA,NA,NA,NA,NA,NA,NA,NA,NA,NA,NA,NA,NA,NA,NA,NA,NA,NA,NA,NA,NA,NA,NA,NA,NA,NA,NA,NA,NA,NA,NA,NA
Djibouti,DJI,Eastern Africa RCC,NA,NA,points,5380475281,11.5564162,43.1061092,OpenStreetMap via osmdata,djibouti | NA,NA,NA,NA,NA,NA,NA,NA,NA,NA,NA,NA,NA,NA,NA,NA,NA,NA,NA,NA,NA,NA,NA,NA,NA,NA,NA,NA,NA,NA,NA,NA
Djibouti,DJI,Eastern Africa RCC,NA,NA,points,5380475282,11.5566358,43.1060807,OpenStreetMap via osmdata,djibouti | NA,NA,NA,NA,NA,NA,NA,NA,NA,NA,NA,NA,NA,NA,NA,NA,NA,NA,NA,NA,NA,NA,NA,NA,NA,NA,NA,NA,NA,NA,NA,NA
Djibouti,DJI,Eastern Africa RCC,NA,NA,points,6053404548,11.9739605,43.2548132,OpenStreetMap via osmdata,djibouti | NA,NA,NA,NA,NA,NA,NA,NA,NA,NA,NA,NA,NA,NA,NA,NA,NA,NA,NA,NA,NA,NA,NA,NA,NA,NA,NA,NA,NA,NA,NA,NA
Djibouti,DJI,Eastern Africa RCC,NA,NA,points,6053404549,11.9739979,43.255505,OpenStreetMap via osmdata,djibouti | NA,NA,NA,NA,NA,NA,NA,NA,NA,NA,NA,NA,NA,NA,NA,NA,NA,NA,NA,NA,NA,NA,NA,NA,NA,NA,NA,NA,NA,NA,NA,NA
Djibouti,DJI,Eastern Africa RCC,NA,NA,points,6053404550,11.9733129,43.255566,OpenStreetMap via osmdata,djibouti | NA,NA,NA,NA,NA,NA,NA,NA,NA,NA,NA,NA,NA,NA,NA,NA,NA,NA,NA,NA,NA,NA,NA,NA,NA,NA,NA,NA,NA,NA,NA,NA
Djibouti,DJI,Eastern Africa RCC,NA,NA,points,6053404551,11.9732616,43.2548614,OpenStreetMap via osmdata,djibouti | NA,NA,NA,NA,NA,NA,NA,NA,NA,NA,NA,NA,NA,NA,NA,NA,NA,NA,NA,NA,NA,NA,NA,NA,NA,NA,NA,NA,NA,NA,NA,NA
Djibouti,DJI,Eastern Africa RCC,NA,NA,points,6120050205,11.5567368,43.1265968,OpenStreetMap via osmdata,djibouti | NA,NA,NA,NA,NA,NA,NA,NA,NA,NA,NA,NA,NA,NA,NA,NA,NA,NA,NA,NA,NA,NA,NA,NA,NA,NA,NA,NA,NA,NA,NA,NA
Djibouti,DJI,Eastern Africa RCC,NA,NA,points,6120050206,11.556741,43.1270615,OpenStreetMap via osmdata,djibouti | NA,NA,NA,NA,NA,NA,NA,NA,NA,NA,NA,NA,NA,NA,NA,NA,NA,NA,NA,NA,NA,NA,NA,NA,NA,NA,NA,NA,NA,NA,NA,NA
Djibouti,DJI,Eastern Africa RCC,NA,NA,points,6120050207,11.5561264,43.1270676,OpenStreetMap via osmdata,djibouti | NA,NA,NA,NA,NA,NA,NA,NA,NA,NA,NA,NA,NA,NA,NA,NA,NA,NA,NA,NA,NA,NA,NA,NA,NA,NA,NA,NA,NA,NA,NA,NA
Djibouti,DJI,Eastern Africa RCC,NA,NA,points,6120050208,11.5558516,43.1270371,OpenStreetMap via osmdata,djibouti | NA,NA,NA,NA,NA,NA,NA,NA,NA,NA,NA,NA,NA,NA,NA,NA,NA,NA,NA,NA,NA,NA,NA,NA,NA,NA,NA,NA,NA,NA,NA,NA
Djibouti,DJI,Eastern Africa RCC,NA,NA,points,6120050209,11.5557513,43.1266491,OpenStreetMap via osmdata,djibouti | NA,NA,NA,NA,NA,NA,NA,NA,NA,NA,NA,NA,NA,NA,NA,NA,NA,NA,NA,NA,NA,NA,NA,NA,NA,NA,NA,NA,NA,NA,NA,NA
Djibouti,DJI,Eastern Africa RCC,NA,NA,points,6151849900,11.5500831,43.1115749,OpenStreetMap via osmdata,djibouti | NA,NA,NA,NA,NA,NA,NA,NA,NA,NA,NA,NA,NA,NA,NA,NA,NA,NA,NA,NA,NA,NA,NA,NA,NA,NA,NA,NA,NA,NA,NA,NA
Djibouti,DJI,Eastern Africa RCC,NA,NA,points,6151850031,11.5497292,43.1115802,OpenStreetMap via osmdata,djibouti | NA,NA,NA,NA,NA,NA,NA,NA,NA,NA,NA,NA,NA,NA,NA,NA,NA,NA,NA,NA,NA,NA,NA,NA,NA,NA,NA,NA,NA,NA,NA,NA
Djibouti,DJI,Eastern Africa RCC,NA,NA,points,6151850032,11.5496568,43.1115814,OpenStreetMap via osmdata,djibouti | NA,NA,NA,NA,NA,NA,NA,NA,NA,NA,NA,NA,NA,NA,NA,NA,NA,NA,NA,NA,NA,NA,NA,NA,NA,NA,NA,NA,NA,NA,NA,NA
Djibouti,DJI,Eastern Africa RCC,NA,NA,points,6151850033,11.5490597,43.1122479,OpenStreetMap via osmdata,djibouti | NA,NA,NA,NA,NA,NA,NA,NA,NA,NA,NA,NA,NA,NA,NA,NA,NA,NA,NA,NA,NA,NA,NA,NA,NA,NA,NA,NA,NA,NA,NA,NA
Djibouti,DJI,Eastern Africa RCC,NA,NA,points,6151850034,11.5490674,43.1123651,OpenStreetMap via osmdata,djibouti | NA,NA,NA,NA,NA,NA,NA,NA,NA,NA,NA,NA,NA,NA,NA,NA,NA,NA,NA,NA,NA,NA,NA,NA,NA,NA,NA,NA,NA,NA,NA,NA
Djibouti,DJI,Eastern Africa RCC,NA,NA,points,6151850035,11.5505183,43.1115759,OpenStreetMap via osmdata,djibouti | NA,NA,NA,NA,NA,NA,NA,NA,NA,NA,NA,NA,NA,NA,NA,NA,NA,NA,NA,NA,NA,NA,NA,NA,NA,NA,NA,NA,NA,NA,NA,NA
Djibouti,DJI,Eastern Africa RCC,NA,NA,points,6151850036,11.5506291,43.1115725,OpenStreetMap via osmdata,djibouti | NA,NA,NA,NA,NA,NA,NA,NA,NA,NA,NA,NA,NA,NA,NA,NA,NA,NA,NA,NA,NA,NA,NA,NA,NA,NA,NA,NA,NA,NA,NA,NA
Djibouti,DJI,Eastern Africa RCC,NA,NA,points,6685605658,11.5591491,43.0945143,OpenStreetMap via osmdata,djibouti | NA,NA,NA,NA,NA,NA,NA,NA,NA,NA,NA,NA,NA,NA,NA,NA,NA,NA,NA,NA,NA,NA,NA,NA,NA,NA,NA,NA,NA,NA,NA,NA
Djibouti,DJI,Eastern Africa RCC,NA,NA,points,6685605659,11.5591212,43.09636,OpenStreetMap via osmdata,djibouti | NA,NA,NA,NA,NA,NA,NA,NA,NA,NA,NA,NA,NA,NA,NA,NA,NA,NA,NA,NA,NA,NA,NA,NA,NA,NA,NA,NA,NA,NA,NA,NA
Djibouti,DJI,Eastern Africa RCC,NA,NA,points,6685605660,11.5582529,43.0963682,OpenStreetMap via osmdata,djibouti | NA,NA,NA,NA,NA,NA,NA,NA,NA,NA,NA,NA,NA,NA,NA,NA,NA,NA,NA,NA,NA,NA,NA,NA,NA,NA,NA,NA,NA,NA,NA,NA
Djibouti,DJI,Eastern Africa RCC,NA,NA,points,6685605661,11.5581374,43.0962056,OpenStreetMap via osmdata,djibouti | NA,NA,NA,NA,NA,NA,NA,NA,NA,NA,NA,NA,NA,NA,NA,NA,NA,NA,NA,NA,NA,NA,NA,NA,NA,NA,NA,NA,NA,NA,NA,NA
Djibouti,DJI,Eastern Africa RCC,NA,NA,points,6685605662,11.5577228,43.0962469,OpenStreetMap via osmdata,djibouti | NA,NA,NA,NA,NA,NA,NA,NA,NA,NA,NA,NA,NA,NA,NA,NA,NA,NA,NA,NA,NA,NA,NA,NA,NA,NA,NA,NA,NA,NA,NA,NA
Djibouti,DJI,Eastern Africa RCC,NA,NA,points,6685605663,11.5577984,43.0945677,OpenStreetMap via osmdata,djibouti | NA,NA,NA,NA,NA,NA,NA,NA,NA,NA,NA,NA,NA,NA,NA,NA,NA,NA,NA,NA,NA,NA,NA,NA,NA,NA,NA,NA,NA,NA,NA,NA
Djibouti,DJI,Eastern Africa RCC,NA,NA,points,6920727797,11.1543076,42.7071035,OpenStreetMap via osmdata,djibouti | NA,NA,NA,NA,NA,NA,NA,NA,NA,NA,NA,NA,NA,NA,NA,NA,NA,NA,NA,NA,NA,NA,NA,NA,NA,NA,NA,NA,NA,NA,NA,NA
Djibouti,DJI,Eastern Africa RCC,NA,NA,points,6920727798,11.1545932,42.7076224,OpenStreetMap via osmdata,djibouti | NA,NA,NA,NA,NA,NA,NA,NA,NA,NA,NA,NA,NA,NA,NA,NA,NA,NA,NA,NA,NA,NA,NA,NA,NA,NA,NA,NA,NA,NA,NA,NA
Djibouti,DJI,Eastern Africa RCC,NA,NA,points,6920727799,11.1545986,42.7076924,OpenStreetMap via osmdata,djibouti | NA,NA,NA,NA,NA,NA,NA,NA,NA,NA,NA,NA,NA,NA,NA,NA,NA,NA,NA,NA,NA,NA,NA,NA,NA,NA,NA,NA,NA,NA,NA,NA
Djibouti,DJI,Eastern Africa RCC,NA,NA,points,6920727800,11.1550248,42.7076558,OpenStreetMap via osmdata,djibouti | NA,NA,NA,NA,NA,NA,NA,NA,NA,NA,NA,NA,NA,NA,NA,NA,NA,NA,NA,NA,NA,NA,NA,NA,NA,NA,NA,NA,NA,NA,NA,NA
Djibouti,DJI,Eastern Africa RCC,NA,NA,points,6920727801,11.1550359,42.7074527,OpenStreetMap via osmdata,djibouti | NA,NA,NA,NA,NA,NA,NA,NA,NA,NA,NA,NA,NA,NA,NA,NA,NA,NA,NA,NA,NA,NA,NA,NA,NA,NA,NA,NA,NA,NA,NA,NA
Djibouti,DJI,Eastern Africa RCC,NA,NA,points,6920727802,11.1552028,42.707307,OpenStreetMap via osmdata,djibouti | NA,NA,NA,NA,NA,NA,NA,NA,NA,NA,NA,NA,NA,NA,NA,NA,NA,NA,NA,NA,NA,NA,NA,NA,NA,NA,NA,NA,NA,NA,NA,NA
Djibouti,DJI,Eastern Africa RCC,NA,NA,points,6920727803,11.1552011,42.7071212,OpenStreetMap via osmdata,djibouti | NA,NA,NA,NA,NA,NA,NA,NA,NA,NA,NA,NA,NA,NA,NA,NA,NA,NA,NA,NA,NA,NA,NA,NA,NA,NA,NA,NA,NA,NA,NA,NA
Djibouti,DJI,Eastern Africa RCC,NA,NA,points,6923907523,11.1508856,42.6971195,OpenStreetMap via osmdata,djibouti | NA,NA,NA,NA,NA,NA,NA,NA,NA,NA,NA,NA,NA,NA,NA,NA,NA,NA,NA,NA,NA,NA,NA,NA,NA,NA,NA,NA,NA,NA,NA,NA
Djibouti,DJI,Eastern Africa RCC,NA,NA,points,6923907524,11.1514858,42.6961182,OpenStreetMap via osmdata,djibouti | NA,NA,NA,NA,NA,NA,NA,NA,NA,NA,NA,NA,NA,NA,NA,NA,NA,NA,NA,NA,NA,NA,NA,NA,NA,NA,NA,NA,NA,NA,NA,NA
Djibouti,DJI,Eastern Africa RCC,NA,NA,points,6923907525,11.1508157,42.6954157,OpenStreetMap via osmdata,djibouti | NA,NA,NA,NA,NA,NA,NA,NA,NA,NA,NA,NA,NA,NA,NA,NA,NA,NA,NA,NA,NA,NA,NA,NA,NA,NA,NA,NA,NA,NA,NA,NA
Djibouti,DJI,Eastern Africa RCC,NA,NA,points,6923907526,11.1508054,42.6952043,OpenStreetMap via osmdata,djibouti | NA,NA,NA,NA,NA,NA,NA,NA,NA,NA,NA,NA,NA,NA,NA,NA,NA,NA,NA,NA,NA,NA,NA,NA,NA,NA,NA,NA,NA,NA,NA,NA
Djibouti,DJI,Eastern Africa RCC,NA,NA,points,6923907527,11.1499437,42.6945052,OpenStreetMap via osmdata,djibouti | NA,NA,NA,NA,NA,NA,NA,NA,NA,NA,NA,NA,NA,NA,NA,NA,NA,NA,NA,NA,NA,NA,NA,NA,NA,NA,NA,NA,NA,NA,NA,NA
Djibouti,DJI,Eastern Africa RCC,NA,NA,points,6923907528,11.1490901,42.6962163,OpenStreetMap via osmdata,djibouti | NA,NA,NA,NA,NA,NA,NA,NA,NA,NA,NA,NA,NA,NA,NA,NA,NA,NA,NA,NA,NA,NA,NA,NA,NA,NA,NA,NA,NA,NA,NA,NA
Djibouti,DJI,Eastern Africa RCC,NA,NA,points,7043628806,11.549895,43.1129437,OpenStreetMap via osmdata,djibouti | NA,NA,NA,NA,NA,NA,NA,NA,NA,NA,NA,NA,NA,NA,NA,NA,NA,NA,NA,NA,NA,NA,NA,NA,NA,NA,NA,NA,NA,NA,NA,NA
Djibouti,DJI,Eastern Africa RCC,NA,NA,points,7049047830,11.5708476,43.1308465,OpenStreetMap via osmdata,djibouti | NA,NA,NA,NA,NA,NA,NA,NA,NA,NA,NA,NA,NA,NA,NA,NA,NA,NA,NA,NA,NA,NA,NA,NA,NA,NA,NA,NA,NA,NA,NA,NA
Djibouti,DJI,Eastern Africa RCC,NA,NA,points,7049047831,11.5700276,43.1320292,OpenStreetMap via osmdata,djibouti | NA,NA,NA,NA,NA,NA,NA,NA,NA,NA,NA,NA,NA,NA,NA,NA,NA,NA,NA,NA,NA,NA,NA,NA,NA,NA,NA,NA,NA,NA,NA,NA
Djibouti,DJI,Eastern Africa RCC,NA,NA,points,7049047856,11.570462,43.1323452,OpenStreetMap via osmdata,djibouti | NA,NA,NA,NA,NA,NA,NA,NA,NA,NA,NA,NA,NA,NA,NA,NA,NA,NA,NA,NA,NA,NA,NA,NA,NA,NA,NA,NA,NA,NA,NA,NA
Djibouti,DJI,Eastern Africa RCC,NA,NA,points,7049047859,11.5705853,43.1324354,OpenStreetMap via osmdata,djibouti | NA,NA,NA,NA,NA,NA,NA,NA,NA,NA,NA,NA,NA,NA,NA,NA,NA,NA,NA,NA,NA,NA,NA,NA,NA,NA,NA,NA,NA,NA,NA,NA
Djibouti,DJI,Eastern Africa RCC,NA,NA,points,7049047860,11.5708731,43.1326344,OpenStreetMap via osmdata,djibouti | NA,NA,NA,NA,NA,NA,NA,NA,NA,NA,NA,NA,NA,NA,NA,NA,NA,NA,NA,NA,NA,NA,NA,NA,NA,NA,NA,NA,NA,NA,NA,NA
Djibouti,DJI,Eastern Africa RCC,NA,NA,points,7049047863,11.5710065,43.1327312,OpenStreetMap via osmdata,djibouti | NA,NA,NA,NA,NA,NA,NA,NA,NA,NA,NA,NA,NA,NA,NA,NA,NA,NA,NA,NA,NA,NA,NA,NA,NA,NA,NA,NA,NA,NA,NA,NA
Djibouti,DJI,Eastern Africa RCC,NA,NA,points,7085051588,11.5497728,43.1115795,OpenStreetMap via osmdata,djibouti | NA,NA,NA,NA,NA,NA,NA,NA,NA,NA,NA,NA,NA,NA,NA,NA,NA,NA,NA,NA,NA,NA,NA,NA,NA,NA,NA,NA,NA,NA,NA,NA
Djibouti,DJI,Eastern Africa RCC,NA,NA,points,7085051589,11.5499662,43.1115774,OpenStreetMap via osmdata,djibouti | NA,NA,NA,NA,NA,NA,NA,NA,NA,NA,NA,NA,NA,NA,NA,NA,NA,NA,NA,NA,NA,NA,NA,NA,NA,NA,NA,NA,NA,NA,NA,NA
Djibouti,DJI,Eastern Africa RCC,NA,NA,points,7112703054,11.5586626,43.096363,OpenStreetMap via osmdata,djibouti | NA,NA,NA,NA,NA,NA,NA,NA,NA,NA,NA,NA,NA,NA,NA,NA,NA,NA,NA,NA,NA,NA,NA,NA,NA,NA,NA,NA,NA,NA,NA,NA
Djibouti,DJI,Eastern Africa RCC,NA,NA,points,7130644522,11.5508767,43.1129231,OpenStreetMap via osmdata,djibouti | NA,NA,NA,NA,NA,NA,NA,NA,NA,NA,NA,NA,NA,NA,NA,NA,NA,NA,NA,NA,NA,NA,NA,NA,NA,NA,NA,NA,NA,NA,NA,NA
Djibouti,DJI,Eastern Africa RCC,NA,NA,points,7154745347,11.5490613,43.1122995,OpenStreetMap via osmdata,djibouti | NA,NA,NA,NA,NA,NA,NA,NA,NA,NA,NA,NA,NA,NA,NA,NA,NA,NA,NA,NA,NA,NA,NA,NA,NA,NA,NA,NA,NA,NA,NA,NA
Djibouti,DJI,Eastern Africa RCC,NA,NA,points,7154745348,11.5497035,43.1115805,OpenStreetMap via osmdata,djibouti | NA,NA,NA,NA,NA,NA,NA,NA,NA,NA,NA,NA,NA,NA,NA,NA,NA,NA,NA,NA,NA,NA,NA,NA,NA,NA,NA,NA,NA,NA,NA,NA
Djibouti,DJI,Eastern Africa RCC,NA,NA,points,7176196066,11.5667168,43.1037418,OpenStreetMap via osmdata,djibouti | NA,NA,NA,NA,NA,NA,NA,NA,NA,NA,NA,NA,NA,NA,NA,NA,NA,NA,NA,NA,NA,NA,NA,NA,NA,NA,NA,NA,NA,NA,NA,NA
Djibouti,DJI,Eastern Africa RCC,NA,NA,points,7176196067,11.5666823,43.1037421,OpenStreetMap via osmdata,djibouti | NA,NA,NA,NA,NA,NA,NA,NA,NA,NA,NA,NA,NA,NA,NA,NA,NA,NA,NA,NA,NA,NA,NA,NA,NA,NA,NA,NA,NA,NA,NA,NA
Djibouti,DJI,Eastern Africa RCC,NA,NA,points,7198697563,11.5503471,43.111576,OpenStreetMap via osmdata,djibouti | NA,NA,NA,NA,NA,NA,NA,NA,NA,NA,NA,NA,NA,NA,NA,NA,NA,NA,NA,NA,NA,NA,NA,NA,NA,NA,NA,NA,NA,NA,NA,NA
Djibouti,DJI,Eastern Africa RCC,NA,NA,points,7198697564,11.550445,43.1115763,OpenStreetMap via osmdata,djibouti | NA,NA,NA,NA,NA,NA,NA,NA,NA,NA,NA,NA,NA,NA,NA,NA,NA,NA,NA,NA,NA,NA,NA,NA,NA,NA,NA,NA,NA,NA,NA,NA
Djibouti,DJI,Eastern Africa RCC,NA,NA,points,7203356478,11.5666871,43.1043488,OpenStreetMap via osmdata,djibouti | NA,NA,NA,NA,NA,NA,NA,NA,NA,NA,NA,NA,NA,NA,NA,NA,NA,NA,NA,NA,NA,NA,NA,NA,NA,NA,NA,NA,NA,NA,NA,NA
Djibouti,DJI,Eastern Africa RCC,NA,NA,points,7203356479,11.5668589,43.1044005,OpenStreetMap via osmdata,djibouti | NA,NA,NA,NA,NA,NA,NA,NA,NA,NA,NA,NA,NA,NA,NA,NA,NA,NA,NA,NA,NA,NA,NA,NA,NA,NA,NA,NA,NA,NA,NA,NA
Djibouti,DJI,Eastern Africa RCC,NA,NA,points,7515910412,11.1542917,42.7074516,OpenStreetMap via osmdata,djibouti | NA,NA,NA,NA,NA,NA,NA,NA,NA,NA,NA,NA,NA,NA,NA,NA,NA,NA,NA,NA,NA,NA,NA,NA,NA,NA,NA,NA,NA,NA,NA,NA
Djibouti,DJI,Eastern Africa RCC,NA,NA,points,7515910413,11.1544088,42.7076626,OpenStreetMap via osmdata,djibouti | NA,NA,NA,NA,NA,NA,NA,NA,NA,NA,NA,NA,NA,NA,NA,NA,NA,NA,NA,NA,NA,NA,NA,NA,NA,NA,NA,NA,NA,NA,NA,NA
Djibouti,DJI,Eastern Africa RCC,NA,NA,points,7517454923,11.1512967,42.6964871,OpenStreetMap via osmdata,djibouti | NA,NA,NA,NA,NA,NA,NA,NA,NA,NA,NA,NA,NA,NA,NA,NA,NA,NA,NA,NA,NA,NA,NA,NA,NA,NA,NA,NA,NA,NA,NA,NA
Djibouti,DJI,Eastern Africa RCC,NA,NA,points,7517454924,11.1511644,42.6966356,OpenStreetMap via osmdata,djibouti | NA,NA,NA,NA,NA,NA,NA,NA,NA,NA,NA,NA,NA,NA,NA,NA,NA,NA,NA,NA,NA,NA,NA,NA,NA,NA,NA,NA,NA,NA,NA,NA
Djibouti,DJI,Eastern Africa RCC,NA,NA,points,7517454969,11.150487,42.6969373,OpenStreetMap via osmdata,djibouti | NA,NA,NA,NA,NA,NA,NA,NA,NA,NA,NA,NA,NA,NA,NA,NA,NA,NA,NA,NA,NA,NA,NA,NA,NA,NA,NA,NA,NA,NA,NA,NA
Djibouti,DJI,Eastern Africa RCC,NA,NA,points,7517454971,11.150529,42.6969565,OpenStreetMap via osmdata,djibouti | NA,NA,NA,NA,NA,NA,NA,NA,NA,NA,NA,NA,NA,NA,NA,NA,NA,NA,NA,NA,NA,NA,NA,NA,NA,NA,NA,NA,NA,NA,NA,NA
Djibouti,DJI,Eastern Africa RCC,NA,NA,points,7567238589,11.157908,42.7088789,OpenStreetMap via osmdata,djibouti | NA,NA,NA,NA,NA,NA,NA,NA,NA,NA,NA,NA,NA,NA,NA,NA,NA,NA,NA,NA,NA,NA,NA,NA,NA,NA,NA,NA,NA,NA,NA,NA
Djibouti,DJI,Eastern Africa RCC,NA,NA,points,7567238602,11.157776,42.7089893,OpenStreetMap via osmdata,djibouti | NA,NA,NA,NA,NA,NA,NA,NA,NA,NA,NA,NA,NA,NA,NA,NA,NA,NA,NA,NA,NA,NA,NA,NA,NA,NA,NA,NA,NA,NA,NA,NA
Djibouti,DJI,Eastern Africa RCC,NA,NA,points,7577717106,11.132197,42.8920369,OpenStreetMap via osmdata,djibouti | NA,NA,NA,NA,NA,NA,NA,NA,NA,NA,NA,NA,NA,NA,NA,NA,NA,NA,NA,NA,NA,NA,NA,NA,NA,NA,NA,NA,NA,NA,NA,NA
Djibouti,DJI,Eastern Africa RCC,NA,NA,points,7577717125,11.1328062,42.892041,OpenStreetMap via osmdata,djibouti | NA,NA,NA,NA,NA,NA,NA,NA,NA,NA,NA,NA,NA,NA,NA,NA,NA,NA,NA,NA,NA,NA,NA,NA,NA,NA,NA,NA,NA,NA,NA,NA
Djibouti,DJI,Eastern Africa RCC,NA,NA,points,7577717126,11.1328615,42.8918237,OpenStreetMap via osmdata,djibouti | NA,NA,NA,NA,NA,NA,NA,NA,NA,NA,NA,NA,NA,NA,NA,NA,NA,NA,NA,NA,NA,NA,NA,NA,NA,NA,NA,NA,NA,NA,NA,NA
Djibouti,DJI,Eastern Africa RCC,NA,NA,points,7577717127,11.1323193,42.8915662,OpenStreetMap via osmdata,djibouti | NA,NA,NA,NA,NA,NA,NA,NA,NA,NA,NA,NA,NA,NA,NA,NA,NA,NA,NA,NA,NA,NA,NA,NA,NA,NA,NA,NA,NA,NA,NA,NA
Djibouti,DJI,Eastern Africa RCC,NA,NA,points,7577717128,11.1322957,42.8915595,OpenStreetMap via osmdata,djibouti | NA,NA,NA,NA,NA,NA,NA,NA,NA,NA,NA,NA,NA,NA,NA,NA,NA,NA,NA,NA,NA,NA,NA,NA,NA,NA,NA,NA,NA,NA,NA,NA
Djibouti,DJI,Eastern Africa RCC,NA,NA,points,7577717129,11.132272,42.8915608,OpenStreetMap via osmdata,djibouti | NA,NA,NA,NA,NA,NA,NA,NA,NA,NA,NA,NA,NA,NA,NA,NA,NA,NA,NA,NA,NA,NA,NA,NA,NA,NA,NA,NA,NA,NA,NA,NA
Djibouti,DJI,Eastern Africa RCC,NA,NA,points,7577717130,11.132097,42.891644,OpenStreetMap via osmdata,djibouti | NA,NA,NA,NA,NA,NA,NA,NA,NA,NA,NA,NA,NA,NA,NA,NA,NA,NA,NA,NA,NA,NA,NA,NA,NA,NA,NA,NA,NA,NA,NA,NA
Djibouti,DJI,Eastern Africa RCC,NA,NA,points,7639724001,11.530373,42.8587971,OpenStreetMap via osmdata,djibouti | NA,NA,NA,NA,NA,NA,NA,NA,NA,NA,NA,NA,NA,NA,NA,NA,NA,NA,NA,NA,NA,NA,NA,NA,NA,NA,NA,NA,NA,NA,NA,NA
Djibouti,DJI,Eastern Africa RCC,NA,NA,points,7639724002,11.5303651,42.8590921,OpenStreetMap via osmdata,djibouti | NA,NA,NA,NA,NA,NA,NA,NA,NA,NA,NA,NA,NA,NA,NA,NA,NA,NA,NA,NA,NA,NA,NA,NA,NA,NA,NA,NA,NA,NA,NA,NA
Djibouti,DJI,Eastern Africa RCC,NA,NA,points,7639724003,11.5298947,42.8590868,OpenStreetMap via osmdata,djibouti | NA,NA,NA,NA,NA,NA,NA,NA,NA,NA,NA,NA,NA,NA,NA,NA,NA,NA,NA,NA,NA,NA,NA,NA,NA,NA,NA,NA,NA,NA,NA,NA
Djibouti,DJI,Eastern Africa RCC,NA,NA,points,7639724004,11.5298552,42.8588963,OpenStreetMap via osmdata,djibouti | NA,NA,NA,NA,NA,NA,NA,NA,NA,NA,NA,NA,NA,NA,NA,NA,NA,NA,NA,NA,NA,NA,NA,NA,NA,NA,NA,NA,NA,NA,NA,NA
Djibouti,DJI,Eastern Africa RCC,NA,NA,points,7639724005,11.5298368,42.8588615,OpenStreetMap via osmdata,djibouti | NA,NA,NA,NA,NA,NA,NA,NA,NA,NA,NA,NA,NA,NA,NA,NA,NA,NA,NA,NA,NA,NA,NA,NA,NA,NA,NA,NA,NA,NA,NA,NA
Djibouti,DJI,Eastern Africa RCC,NA,NA,points,7639724006,11.5297974,42.8588615,OpenStreetMap via osmdata,djibouti | NA,NA,NA,NA,NA,NA,NA,NA,NA,NA,NA,NA,NA,NA,NA,NA,NA,NA,NA,NA,NA,NA,NA,NA,NA,NA,NA,NA,NA,NA,NA,NA
Djibouti,DJI,Eastern Africa RCC,NA,NA,points,7639724007,11.529511,42.8588963,OpenStreetMap via osmdata,djibouti | NA,NA,NA,NA,NA,NA,NA,NA,NA,NA,NA,NA,NA,NA,NA,NA,NA,NA,NA,NA,NA,NA,NA,NA,NA,NA,NA,NA,NA,NA,NA,NA
Djibouti,DJI,Eastern Africa RCC,NA,NA,points,7639724008,11.5303782,42.8587273,OpenStreetMap via osmdata,djibouti | NA,NA,NA,NA,NA,NA,NA,NA,NA,NA,NA,NA,NA,NA,NA,NA,NA,NA,NA,NA,NA,NA,NA,NA,NA,NA,NA,NA,NA,NA,NA,NA
Djibouti,DJI,Eastern Africa RCC,NA,NA,points,7639724009,11.5303835,42.8585262,OpenStreetMap via osmdata,djibouti | NA,NA,NA,NA,NA,NA,NA,NA,NA,NA,NA,NA,NA,NA,NA,NA,NA,NA,NA,NA,NA,NA,NA,NA,NA,NA,NA,NA,NA,NA,NA,NA
Djibouti,DJI,Eastern Africa RCC,NA,NA,points,7639724010,11.5302784,42.8577457,OpenStreetMap via osmdata,djibouti | NA,NA,NA,NA,NA,NA,NA,NA,NA,NA,NA,NA,NA,NA,NA,NA,NA,NA,NA,NA,NA,NA,NA,NA,NA,NA,NA,NA,NA,NA,NA,NA
Djibouti,DJI,Eastern Africa RCC,NA,NA,points,7639724011,11.5302626,42.8576598,OpenStreetMap via osmdata,djibouti | NA,NA,NA,NA,NA,NA,NA,NA,NA,NA,NA,NA,NA,NA,NA,NA,NA,NA,NA,NA,NA,NA,NA,NA,NA,NA,NA,NA,NA,NA,NA,NA
Djibouti,DJI,Eastern Africa RCC,NA,NA,points,7639724012,11.5302363,42.8574828,OpenStreetMap via osmdata,djibouti | NA,NA,NA,NA,NA,NA,NA,NA,NA,NA,NA,NA,NA,NA,NA,NA,NA,NA,NA,NA,NA,NA,NA,NA,NA,NA,NA,NA,NA,NA,NA,NA
Djibouti,DJI,Eastern Africa RCC,NA,NA,points,7639724013,11.5302232,42.8574023,OpenStreetMap via osmdata,djibouti | NA,NA,NA,NA,NA,NA,NA,NA,NA,NA,NA,NA,NA,NA,NA,NA,NA,NA,NA,NA,NA,NA,NA,NA,NA,NA,NA,NA,NA,NA,NA,NA
Djibouti,DJI,Eastern Africa RCC,NA,NA,points,7639724014,11.5301732,42.8570966,OpenStreetMap via osmdata,djibouti | NA,NA,NA,NA,NA,NA,NA,NA,NA,NA,NA,NA,NA,NA,NA,NA,NA,NA,NA,NA,NA,NA,NA,NA,NA,NA,NA,NA,NA,NA,NA,NA
Djibouti,DJI,Eastern Africa RCC,NA,NA,points,7639724015,11.5296108,42.8571636,OpenStreetMap via osmdata,djibouti | NA,NA,NA,NA,NA,NA,NA,NA,NA,NA,NA,NA,NA,NA,NA,NA,NA,NA,NA,NA,NA,NA,NA,NA,NA,NA,NA,NA,NA,NA,NA,NA
Djibouti,DJI,Eastern Africa RCC,NA,NA,points,7639724016,11.5296108,42.8572012,OpenStreetMap via osmdata,djibouti | NA,NA,NA,NA,NA,NA,NA,NA,NA,NA,NA,NA,NA,NA,NA,NA,NA,NA,NA,NA,NA,NA,NA,NA,NA,NA,NA,NA,NA,NA,NA,NA
Djibouti,DJI,Eastern Africa RCC,NA,NA,points,7639724017,11.529553,42.8572146,OpenStreetMap via osmdata,djibouti | NA,NA,NA,NA,NA,NA,NA,NA,NA,NA,NA,NA,NA,NA,NA,NA,NA,NA,NA,NA,NA,NA,NA,NA,NA,NA,NA,NA,NA,NA,NA,NA
Djibouti,DJI,Eastern Africa RCC,NA,NA,points,7639724018,11.5295215,42.8572521,OpenStreetMap via osmdata,djibouti | NA,NA,NA,NA,NA,NA,NA,NA,NA,NA,NA,NA,NA,NA,NA,NA,NA,NA,NA,NA,NA,NA,NA,NA,NA,NA,NA,NA,NA,NA,NA,NA
Djibouti,DJI,Eastern Africa RCC,NA,NA,points,7639724019,11.5293664,42.8575713,OpenStreetMap via osmdata,djibouti | NA,NA,NA,NA,NA,NA,NA,NA,NA,NA,NA,NA,NA,NA,NA,NA,NA,NA,NA,NA,NA,NA,NA,NA,NA,NA,NA,NA,NA,NA,NA,NA
Djibouti,DJI,Eastern Africa RCC,NA,NA,points,7639724020,11.5293401,42.8575901,OpenStreetMap via osmdata,djibouti | NA,NA,NA,NA,NA,NA,NA,NA,NA,NA,NA,NA,NA,NA,NA,NA,NA,NA,NA,NA,NA,NA,NA,NA,NA,NA,NA,NA,NA,NA,NA,NA
Djibouti,DJI,Eastern Africa RCC,NA,NA,points,7639724021,11.529235,42.8576706,OpenStreetMap via osmdata,djibouti | NA,NA,NA,NA,NA,NA,NA,NA,NA,NA,NA,NA,NA,NA,NA,NA,NA,NA,NA,NA,NA,NA,NA,NA,NA,NA,NA,NA,NA,NA,NA,NA
Djibouti,DJI,Eastern Africa RCC,NA,NA,points,7639724022,11.5292245,42.8577054,OpenStreetMap via osmdata,djibouti | NA,NA,NA,NA,NA,NA,NA,NA,NA,NA,NA,NA,NA,NA,NA,NA,NA,NA,NA,NA,NA,NA,NA,NA,NA,NA,NA,NA,NA,NA,NA,NA
Djibouti,DJI,Eastern Africa RCC,NA,NA,points,7639724023,11.5293559,42.8588025,OpenStreetMap via osmdata,djibouti | NA,NA,NA,NA,NA,NA,NA,NA,NA,NA,NA,NA,NA,NA,NA,NA,NA,NA,NA,NA,NA,NA,NA,NA,NA,NA,NA,NA,NA,NA,NA,NA
Djibouti,DJI,Eastern Africa RCC,NA,NA,points,7639724024,11.5293717,42.8589151,OpenStreetMap via osmdata,djibouti | NA,NA,NA,NA,NA,NA,NA,NA,NA,NA,NA,NA,NA,NA,NA,NA,NA,NA,NA,NA,NA,NA,NA,NA,NA,NA,NA,NA,NA,NA,NA,NA
Djibouti,DJI,Eastern Africa RCC,NA,NA,points,9206751635,11.5508729,43.1123914,OpenStreetMap via osmdata,djibouti | NA,NA,NA,NA,NA,NA,NA,NA,NA,NA,NA,NA,NA,NA,NA,NA,NA,NA,NA,NA,NA,NA,NA,NA,NA,NA,NA,NA,NA,NA,NA,NA
Djibouti,DJI,Eastern Africa RCC,NA,NA,points,9206751636,11.5505907,43.1115737,OpenStreetMap via osmdata,djibouti | NA,NA,NA,NA,NA,NA,NA,NA,NA,NA,NA,NA,NA,NA,NA,NA,NA,NA,NA,NA,NA,NA,NA,NA,NA,NA,NA,NA,NA,NA,NA,NA
Djibouti,DJI,Eastern Africa RCC,NA,NA,points,9217690881,11.5706395,43.1324727,OpenStreetMap via osmdata,djibouti | NA,NA,NA,NA,NA,NA,NA,NA,NA,NA,NA,NA,NA,NA,NA,NA,NA,NA,NA,NA,NA,NA,NA,NA,NA,NA,NA,NA,NA,NA,NA,NA
Djibouti,DJI,Eastern Africa RCC,NA,NA,points,9217690882,11.570385,43.1322868,OpenStreetMap via osmdata,djibouti | NA,NA,NA,NA,NA,NA,NA,NA,NA,NA,NA,NA,NA,NA,NA,NA,NA,NA,NA,NA,NA,NA,NA,NA,NA,NA,NA,NA,NA,NA,NA,NA
Djibouti,DJI,Eastern Africa RCC,NA,NA,points,9217690883,11.5705285,43.1323938,OpenStreetMap via osmdata,djibouti | NA,NA,NA,NA,NA,NA,NA,NA,NA,NA,NA,NA,NA,NA,NA,NA,NA,NA,NA,NA,NA,NA,NA,NA,NA,NA,NA,NA,NA,NA,NA,NA
Djibouti,DJI,Eastern Africa RCC,NA,NA,points,9217690884,11.5707934,43.1325785,OpenStreetMap via osmdata,djibouti | NA,NA,NA,NA,NA,NA,NA,NA,NA,NA,NA,NA,NA,NA,NA,NA,NA,NA,NA,NA,NA,NA,NA,NA,NA,NA,NA,NA,NA,NA,NA,NA
Djibouti,DJI,Eastern Africa RCC,NA,NA,points,9217690891,11.5709907,43.1327198,OpenStreetMap via osmdata,djibouti | NA,NA,NA,NA,NA,NA,NA,NA,NA,NA,NA,NA,NA,NA,NA,NA,NA,NA,NA,NA,NA,NA,NA,NA,NA,NA,NA,NA,NA,NA,NA,NA
Djibouti,DJI,Eastern Africa RCC,NA,NA,points,9217690893,11.571052,43.1327632,OpenStreetMap via osmdata,djibouti | NA,NA,NA,NA,NA,NA,NA,NA,NA,NA,NA,NA,NA,NA,NA,NA,NA,NA,NA,NA,NA,NA,NA,NA,NA,NA,NA,NA,NA,NA,NA,NA
Djibouti,DJI,Eastern Africa RCC,NA,NA,points,9217690894,11.5709509,43.1326909,OpenStreetMap via osmdata,djibouti | NA,NA,NA,NA,NA,NA,NA,NA,NA,NA,NA,NA,NA,NA,NA,NA,NA,NA,NA,NA,NA,NA,NA,NA,NA,NA,NA,NA,NA,NA,NA,NA
Djibouti,DJI,Eastern Africa RCC,Croissant rouge de Djibout / الهلال الأحمر لجيبوتي، بلبالا 2,hospital,polygons,335328161,11.556459250270507,43.12420332428156,OpenStreetMap via osmdata,djibouti | croissant rouge de djibout 2,Croissant rouge de Djibout / الهلال الأحمر لجيبوتي، بلبالا 2,جيبوتي,NA,NA,NA,hospital,NA,NA,hospital,NA,الهلال الأحمر لجيبوتي، بلبالا 2,Red Cross Djibout,Croissant Rouge de Djibouti,NA,Croissant Rouge الهلال الأحمر,الهلال الأحمر,Croissant Rouge,NA,NA,NA,NA,NA,NA,NA,yes,NA,"Červený kříž Džibutsko, Balballa 2",NA,NA,NA,croissant rouge de djibout 2
Djibouti,DJI,Eastern Africa RCC,Centre de Santé Communantaire de Hayabley مركز الصحة المجتمعية,hospital,polygons,335328162,11.566953350015925,43.10399729705122,OpenStreetMap via osmdata,djibouti | centre de sante communantaire de hayabley,Centre de Santé Communantaire de Hayabley مركز الصحة المجتمعية,جيبوتي,NA,NA,NA,hospital,NA,NA,hospital,NA,مركز الصحة المجتمعية,NA,Centre de Santé Communantaire de Hayabley,NA,NA,NA,NA,NA,NA,NA,NA,NA,yes,NA,yes,NA,NA,NA,NA,NA,centre de sante communantaire de hayabley
Djibouti,DJI,Eastern Africa RCC,Hopital Gohara,hospital,polygons,374680002,11.158127400028684,42.709138558463806,OpenStreetMap via osmdata,djibouti | hopital gohara,Hopital Gohara,NA,NA,NA,NA,hospital,NA,NA,hospital,NA,NA,NA,NA,NA,NA,NA,NA,NA,NA,NA,NA,NA,NA,NA,NA,NA,NA,NA,NA,NA,hopital gohara
Djibouti,DJI,Eastern Africa RCC,NA,hospital,polygons,400002960,11.298811050031984,42.91465049875841,OpenStreetMap via osmdata,djibouti | NA,NA,NA,NA,NA,NA,hospital,NA,NA,NA,NA,NA,NA,NA,NA,NA,NA,NA,NA,NA,NA,NA,NA,yes,NA,NA,NA,NA,NA,NA,NA,NA
Djibouti,DJI,Eastern Africa RCC,NA,hospital,polygons,400002964,11.298599900000328,42.91433185565265,OpenStreetMap via osmdata,djibouti | NA,NA,NA,NA,NA,NA,hospital,NA,NA,NA,NA,NA,NA,NA,NA,NA,NA,NA,NA,NA,NA,NA,NA,yes,NA,NA,maternity,NA,NA,NA,NA,NA
Djibouti,DJI,Eastern Africa RCC,Hôpital مستشفى,hospital,polygons,400017075,11.129345650128647,42.88991155461524,OpenStreetMap via osmdata,djibouti | hopital,Hôpital مستشفى,علي عدي,NA,NA,NA,hospital,NA,NA,hospital,NA,مستشفى,NA,NA,NA,NA,NA,NA,NA,NA,NA,NA,NA,NA,NA,NA,NA,NA,NA,NA,NA,hopital
Djibouti,DJI,Eastern Africa RCC,Tulyani الطلياني,hospital,polygons,549878593,11.555848050004274,43.11339412515229,OpenStreetMap via osmdata,djibouti | tulyani,Tulyani الطلياني,بلبالا,بلبالا,NA,NA,hospital,NA,NA,hospital,NA,الطلياني,NA,Tulyani,NA,NA,NA,NA,NA,NA,NA,NA,NA,yes,NA,NA,NA,NA,NA,NA,NA,tulyani
Djibouti,DJI,Eastern Africa RCC,Centre de Santé communantaire de Ouéa,hospital,polygons,550175737,11.501776350003334,42.862565360865815,OpenStreetMap via osmdata,djibouti | centre de sante communantaire de ouea,Centre de Santé communantaire de Ouéa,NA,NA,NA,NA,hospital,NA,NA,hospital,general,المركز الصحي المجتمعي وع,NA,Centre de Santé communantaire de Ouéa,NA,Ministere de la Santé,وزارة الصحة,Ministere de la Santé,government,NA,NA,NA,wall,NA,NA,NA,NA,NA,NA,NA,NA,centre de sante communantaire de ouea
Djibouti,DJI,Eastern Africa RCC,Hopital cheikho,hospital,polygons,550510225,11.549972550000062,43.112259686346434,OpenStreetMap via osmdata,djibouti | hopital cheikho,Hopital cheikho,جيبوتي,NA,NA,NA,hospital,NA,NA,hospital,CHIRURGIE_VISCERALE;GYNECOLOGIE-OBSTRIQUE;OPHTALMOLOGIE;O.R.L;ANATOMIE-PATHOLOGIE;IMAGERIE_MEDICAL;LABORATOIRE;PHARMACIE;KINESITHERRAPIE;CENTRE_D’APPAREILLAGE;ORTHOPEDIQUE,NA,NA,NA,NA,Ministère de la Santé,NA,NA,NA,NA,NA,NA,NA,NA,NA,yes,NA,NA,NA,NA,NA,hopital cheikho
Djibouti,DJI,Eastern Africa RCC,Hôpital militaire,hospital,polygons,550937696,11.556246400034427,43.14988407339646,OpenStreetMap via osmdata,djibouti | hopital militaire,Hôpital militaire,NA,NA,NA,NA,hospital,NA,NA,hospital,NA,NA,NA,NA,NA,France,NA,NA,NA,NA,NA,NA,NA,NA,NA,yes,NA,NA,NA,NA,NA,hopital militaire
Djibouti,DJI,Eastern Africa RCC,Hôpital de Tadjourah مستشفى تجرة,hospital,polygons,551157489,11.787019950026759,42.88644139166484,OpenStreetMap via osmdata,djibouti | hopital de tadjourah,Hôpital de Tadjourah مستشفى تجرة,تجرة,NA,NA,NA,hospital,NA,NA,hospital,NA,مستشفى تجرة,NA,Hôpital de Tadjourah,NA,NA,NA,NA,NA,NA,NA,NA,NA,NA,NA,NA,NA,NA,Krankenhaus Tadschura,Hospital de Tadyura,NA,hopital de tadjourah
Djibouti,DJI,Eastern Africa RCC,CSC_Balbala 2,hospital,polygons,555239716,11.551235350002045,43.11157620881694,OpenStreetMap via osmdata,djibouti | csc balbala 2,CSC_Balbala 2,NA,NA,NA,NA,hospital,NA,NA,hospital,NA,NA,NA,NA,NA,Public,NA,NA,NA,NA,NA,NA,NA,yes,NA,NA,NA,NA,NA,NA,NA,csc balbala 2
Djibouti,DJI,Eastern Africa RCC,Centre de Santé Communautaire Wahledaba,hospital,polygons,557960596,11.55630980002019,43.105896920087254,OpenStreetMap via osmdata,djibouti | centre de sante communautaire wahledaba,Centre de Santé Communautaire Wahledaba,NA,NA,NA,NA,hospital,NA,NA,hospital,general,NA,NA,NA,NA,Ministère de la Santé,NA,NA,NA,NA,NA,NA,NA,NA,NA,NA,NA,NA,NA,NA,NA,centre de sante communautaire wahledaba
Djibouti,DJI,Eastern Africa RCC,Centre médical المركز الطبي,hospital,polygons,643189842,11.973636700194044,43.255186348147035,OpenStreetMap via osmdata,djibouti | centre medical,Centre médical المركز الطبي,NA,NA,NA,NA,hospital,NA,NA,hospital,NA,المركز الطبي,Medical Center,NA,NA,NA,NA,NA,NA,NA,NA,NA,NA,NA,NA,NA,NA,NA,NA,NA,NA,centre medical
Djibouti,DJI,Eastern Africa RCC,Service de Santé des Armées خدمة الصحة العسكرية,hospital,polygons,652953006,11.556431600166206,43.12683878383374,OpenStreetMap via osmdata,djibouti | service de sante des armees,Service de Santé des Armées خدمة الصحة العسكرية,NA,NA,NA,NA,hospital,NA,NA,hospital,general,خدمة الصحة العسكرية,NA,Service de Santé des Armées,NA,Service de Santé des Armées خدمة الصحة العسكرية,NA,NA,NA,NA,NA,NA,NA,NA,NA,NA,NA,NA,NA,NA,NA,service de sante des armees
Djibouti,DJI,Eastern Africa RCC,Hôpital Al-Rahma مستشفى الرحمة,hospital,polygons,711138844,11.558457750074892,43.09545361629505,OpenStreetMap via osmdata,djibouti | hopital al rahma,Hôpital Al-Rahma مستشفى الرحمة,NA,NA,NA,NA,hospital,NA,NA,hospital,NA,مستشفى الرحمة,Al-Rahma Hospital,Hôpital Al-Rahma,NA,NA,NA,NA,NA,21364113,http://www.alrahmadj.com,NA,NA,NA,h.alrahma.dji@gmail.com,NA,NA,NA,NA,NA,NA,hopital al rahma
Djibouti,DJI,Eastern Africa RCC,Centre Médico-Hospitalier d'Ali Sabieh مستشفى علي صبيح,hospital,polygons,739165042,11.154811700078135,42.70739379304163,OpenStreetMap via osmdata,djibouti | centre medico hospitalier d ali sabieh,Centre Médico-Hospitalier d'Ali Sabieh مستشفى علي صبيح,Ali Sabieh علي صبيح,NA,NA,NA,hospital,NA,NA,hospital,NA,مستشفى علي صبيح,NA,Centre Médico-Hospitalier d'Ali Sabieh,NA,NA,NA,NA,NA,NA,NA,NA,NA,NA,NA,NA,NA,NA,NA,NA,NA,centre medico hospitalier d ali sabieh
Djibouti,DJI,Eastern Africa RCC,Hôpital Régional d'Ali Sabieh,hospital,polygons,739480373,11.150215350126926,42.69576133999126,OpenStreetMap via osmdata,djibouti | hopital regional d ali sabieh,Hôpital Régional d'Ali Sabieh,Ali Sabieh علي صبيح,NA,NA,NA,hospital,NA,NA,hospital,ophthalmology;paediatrics;maternity;orthopaedics,NA,NA,NA,NA,NA,NA,NA,NA,NA,NA,NA,NA,NA,NA,yes,NA,NA,NA,NA,NA,hopital regional d ali sabieh
Djibouti,DJI,Eastern Africa RCC,Hôpital Militaire Soudanais المستشفى العسكري السوداني,hospital,polygons,998316092,11.571166550023433,43.13195904706579,OpenStreetMap via osmdata,djibouti | hopital militaire soudanais,Hôpital Militaire Soudanais المستشفى العسكري السوداني,Djibouti,NA,NA,Boulevard Hassan Gouled,hospital,NA,NA,hospital,NA,المستشفى العسكري السوداني,NA,Hôpital Militaire Soudanais,NA,NA,NA,NA,NA,NA,NA,NA,NA,NA,NA,NA,NA,NA,NA,NA,NA,hopital militaire soudanais
Djibouti,DJI,Eastern Africa RCC,NA,hospital,multipolygons,11162152,11.132562750101773,42.891883149506455,OpenStreetMap via osmdata,djibouti | NA,NA,Ali Addeh علي عدي,علي عدي,NA,NA,hospital,NA,NA,hospital,NA,NA,NA,NA,NA,NA,NA,NA,NA,NA,NA,NA,NA,NA,NA,NA,NA,NA,NA,NA,multipolygon,NA
Djibouti,DJI,Eastern Africa RCC,Hôpital régional d'Arta,hospital,multipolygons,11223154,11.529817100000681,42.85800026151201,OpenStreetMap via osmdata,djibouti | hopital regional d arta,Hôpital régional d'Arta,Arta عرتا,NA,NA,NA,hospital,NA,NA,hospital,general;orthopaedics;paediatrics;ophthalmology;surgery;maternity;gynaecology;oro-rhino-laryngologie,NA,NA,NA,NA,NA,NA,NA,NA,NA,NA,NA,NA,NA,NA,NA,NA,NA,NA,NA,multipolygon,hopital regional d arta
