country,iso3,rcc,facility_name,facility_type,source_osm_type,osm_id,lat,lon,source,match_key_country_facility,name,addr_city,addr_street,amenity,barrier,bicycle,dispensing,electricity,emergency,entrance,foot,health_amenity_type,healthcare,healthcare_speciality,insurance_health,motorcar,motorcycle,name_en,name_fr,name_pt,opening_hours,operational_status,operator,operator_type,phone,source_project,staff_count_doctors,staff_count_nurses,water_source,wheelchair,beds,building,building_part,landuse,not_operator_wikidata,wikidata,area,layer,type,facility_key
Guinea-Bissau,GNB,Western Africa RCC,NA,NA,points,1432763242,11.8954265,-15.5891798,OpenStreetMap via osmdata,guinea bissau | NA,NA,NA,NA,NA,NA,NA,NA,NA,NA,NA,NA,NA,NA,NA,NA,NA,NA,NA,NA,NA,NA,NA,NA,NA,NA,NA,NA,NA,NA,NA,NA,NA,NA,NA,NA,NA,NA,NA,NA,NA
Guinea-Bissau,GNB,Western Africa RCC,NA,NA,points,1432763251,11.8954396,-15.5891262,OpenStreetMap via osmdata,guinea bissau | NA,NA,NA,NA,NA,NA,NA,NA,NA,NA,NA,NA,NA,NA,NA,NA,NA,NA,NA,NA,NA,NA,NA,NA,NA,NA,NA,NA,NA,NA,NA,NA,NA,NA,NA,NA,NA,NA,NA,NA,NA
Guinea-Bissau,GNB,Western Africa RCC,NA,NA,points,1432763311,11.8956732,-15.5898893,OpenStreetMap via osmdata,guinea bissau | NA,NA,NA,NA,NA,NA,NA,NA,NA,NA,NA,NA,NA,NA,NA,NA,NA,NA,NA,NA,NA,NA,NA,NA,NA,NA,NA,NA,NA,NA,NA,NA,NA,NA,NA,NA,NA,NA,NA,NA,NA
Guinea-Bissau,GNB,Western Africa RCC,NA,NA,points,1432763411,11.8962362,-15.58887,OpenStreetMap via osmdata,guinea bissau | NA,NA,NA,NA,NA,NA,NA,NA,NA,NA,NA,NA,NA,NA,NA,NA,NA,NA,NA,NA,NA,NA,NA,NA,NA,NA,NA,NA,NA,NA,NA,NA,NA,NA,NA,NA,NA,NA,NA,NA,NA
Guinea-Bissau,GNB,Western Africa RCC,NA,NA,points,1432763470,11.8964908,-15.589595600000001,OpenStreetMap via osmdata,guinea bissau | NA,NA,NA,NA,NA,NA,NA,NA,NA,NA,NA,NA,NA,NA,NA,NA,NA,NA,NA,NA,NA,NA,NA,NA,NA,NA,NA,NA,NA,NA,NA,NA,NA,NA,NA,NA,NA,NA,NA,NA,NA
Guinea-Bissau,GNB,Western Africa RCC,NA,NA,points,1432807592,11.8959527,-15.5897874,OpenStreetMap via osmdata,guinea bissau | NA,NA,NA,NA,NA,NA,NA,NA,NA,NA,NA,NA,NA,NA,NA,NA,NA,NA,NA,NA,NA,NA,NA,NA,NA,NA,NA,NA,NA,NA,NA,NA,NA,NA,NA,NA,NA,NA,NA,NA,NA
Guinea-Bissau,GNB,Western Africa RCC,NA,NA,points,1434184501,11.8570413,-15.6180144,OpenStreetMap via osmdata,guinea bissau | NA,NA,NA,NA,NA,NA,NA,NA,NA,NA,NA,NA,NA,NA,NA,NA,NA,NA,NA,NA,NA,NA,NA,NA,NA,NA,NA,NA,NA,NA,NA,NA,NA,NA,NA,NA,NA,NA,NA,NA,NA
Guinea-Bissau,GNB,Western Africa RCC,NA,NA,points,1434184513,11.8570753,-15.6177853,OpenStreetMap via osmdata,guinea bissau | NA,NA,NA,NA,NA,NA,NA,NA,NA,NA,NA,NA,NA,NA,NA,NA,NA,NA,NA,NA,NA,NA,NA,NA,NA,NA,NA,NA,NA,NA,NA,NA,NA,NA,NA,NA,NA,NA,NA,NA,NA
Guinea-Bissau,GNB,Western Africa RCC,NA,NA,points,1434184514,11.8570896,-15.6179135,OpenStreetMap via osmdata,guinea bissau | NA,NA,NA,NA,NA,NA,NA,NA,NA,NA,NA,NA,NA,NA,NA,NA,NA,NA,NA,NA,NA,NA,NA,NA,NA,NA,NA,NA,NA,NA,NA,NA,NA,NA,NA,NA,NA,NA,NA,NA,NA
Guinea-Bissau,GNB,Western Africa RCC,NA,NA,points,1434184517,11.8571274,-15.6180574,OpenStreetMap via osmdata,guinea bissau | NA,NA,NA,NA,NA,NA,NA,NA,NA,NA,NA,NA,NA,NA,NA,NA,NA,NA,NA,NA,NA,NA,NA,NA,NA,NA,NA,NA,NA,NA,NA,NA,NA,NA,NA,NA,NA,NA,NA,NA,NA
Guinea-Bissau,GNB,Western Africa RCC,NA,NA,points,1434184520,11.8571454,-15.6176387,OpenStreetMap via osmdata,guinea bissau | NA,NA,NA,NA,NA,NA,NA,NA,NA,NA,NA,NA,NA,NA,NA,NA,NA,NA,NA,NA,NA,NA,NA,NA,NA,NA,NA,NA,NA,NA,NA,NA,NA,NA,NA,NA,NA,NA,NA,NA,NA
Guinea-Bissau,GNB,Western Africa RCC,NA,NA,points,1434184521,11.8571477,-15.6179425,OpenStreetMap via osmdata,guinea bissau | NA,NA,NA,NA,NA,NA,NA,NA,NA,NA,NA,NA,NA,NA,NA,NA,NA,NA,NA,NA,NA,NA,NA,NA,NA,NA,NA,NA,NA,NA,NA,NA,NA,NA,NA,NA,NA,NA,NA,NA,NA
Guinea-Bissau,GNB,Western Africa RCC,NA,NA,points,1434184522,11.8571564,-15.6179967,OpenStreetMap via osmdata,guinea bissau | NA,NA,NA,NA,NA,NA,NA,NA,NA,NA,NA,NA,NA,NA,NA,NA,NA,NA,NA,NA,NA,NA,NA,NA,NA,NA,NA,NA,NA,NA,NA,NA,NA,NA,NA,NA,NA,NA,NA,NA,NA
Guinea-Bissau,GNB,Western Africa RCC,NA,NA,points,1434184523,11.8571699,-15.6179707,OpenStreetMap via osmdata,guinea bissau | NA,NA,NA,NA,NA,NA,NA,NA,NA,NA,NA,NA,NA,NA,NA,NA,NA,NA,NA,NA,NA,NA,NA,NA,NA,NA,NA,NA,NA,NA,NA,NA,NA,NA,NA,NA,NA,NA,NA,NA,NA
Guinea-Bissau,GNB,Western Africa RCC,NA,NA,points,1434184529,11.8571757,-15.6182265,OpenStreetMap via osmdata,guinea bissau | NA,NA,NA,NA,NA,NA,NA,NA,NA,NA,NA,NA,NA,NA,NA,NA,NA,NA,NA,NA,NA,NA,NA,NA,NA,NA,NA,NA,NA,NA,NA,NA,NA,NA,NA,NA,NA,NA,NA,NA,NA
Guinea-Bissau,GNB,Western Africa RCC,NA,NA,points,1434184534,11.8571945,-15.6178448,OpenStreetMap via osmdata,guinea bissau | NA,NA,NA,NA,NA,NA,NA,NA,NA,NA,NA,NA,NA,NA,NA,NA,NA,NA,NA,NA,NA,NA,NA,NA,NA,NA,NA,NA,NA,NA,NA,NA,NA,NA,NA,NA,NA,NA,NA,NA,NA
Guinea-Bissau,GNB,Western Africa RCC,NA,NA,points,1434184540,11.8572218,-15.6178607,OpenStreetMap via osmdata,guinea bissau | NA,NA,NA,NA,NA,NA,NA,NA,NA,NA,NA,NA,NA,NA,NA,NA,NA,NA,NA,NA,NA,NA,NA,NA,NA,NA,NA,NA,NA,NA,NA,NA,NA,NA,NA,NA,NA,NA,NA,NA,NA
Guinea-Bissau,GNB,Western Africa RCC,NA,NA,points,1434184546,11.857234,-15.6176178,OpenStreetMap via osmdata,guinea bissau | NA,NA,NA,NA,NA,NA,NA,NA,NA,NA,NA,NA,NA,NA,NA,NA,NA,NA,NA,NA,NA,NA,NA,NA,NA,NA,NA,NA,NA,NA,NA,NA,NA,NA,NA,NA,NA,NA,NA,NA,NA
Guinea-Bissau,GNB,Western Africa RCC,NA,NA,points,1434184551,11.857244,-15.617688,OpenStreetMap via osmdata,guinea bissau | NA,NA,NA,NA,NA,NA,NA,NA,NA,NA,NA,NA,NA,NA,NA,NA,NA,NA,NA,NA,NA,NA,NA,NA,NA,NA,NA,NA,NA,NA,NA,NA,NA,NA,NA,NA,NA,NA,NA,NA,NA
Guinea-Bissau,GNB,Western Africa RCC,NA,NA,points,1434184552,11.8572607,-15.6180488,OpenStreetMap via osmdata,guinea bissau | NA,NA,NA,NA,NA,NA,NA,NA,NA,NA,NA,NA,NA,NA,NA,NA,NA,NA,NA,NA,NA,NA,NA,NA,NA,NA,NA,NA,NA,NA,NA,NA,NA,NA,NA,NA,NA,NA,NA,NA,NA
Guinea-Bissau,GNB,Western Africa RCC,NA,NA,points,1434184557,11.8572692,-15.6176353,OpenStreetMap via osmdata,guinea bissau | NA,NA,NA,NA,NA,NA,NA,NA,NA,NA,NA,NA,NA,NA,NA,NA,NA,NA,NA,NA,NA,NA,NA,NA,NA,NA,NA,NA,NA,NA,NA,NA,NA,NA,NA,NA,NA,NA,NA,NA,NA
Guinea-Bissau,GNB,Western Africa RCC,NA,NA,points,1434184558,11.8572713,-15.6177042,OpenStreetMap via osmdata,guinea bissau | NA,NA,NA,NA,NA,NA,NA,NA,NA,NA,NA,NA,NA,NA,NA,NA,NA,NA,NA,NA,NA,NA,NA,NA,NA,NA,NA,NA,NA,NA,NA,NA,NA,NA,NA,NA,NA,NA,NA,NA,NA
Guinea-Bissau,GNB,Western Africa RCC,NA,NA,points,1434184560,11.8572757,-15.6180229,OpenStreetMap via osmdata,guinea bissau | NA,NA,NA,NA,NA,NA,NA,NA,NA,NA,NA,NA,NA,NA,NA,NA,NA,NA,NA,NA,NA,NA,NA,NA,NA,NA,NA,NA,NA,NA,NA,NA,NA,NA,NA,NA,NA,NA,NA,NA,NA
Guinea-Bissau,GNB,Western Africa RCC,NA,NA,points,1434184566,11.8572978,-15.6176487,OpenStreetMap via osmdata,guinea bissau | NA,NA,NA,NA,NA,NA,NA,NA,NA,NA,NA,NA,NA,NA,NA,NA,NA,NA,NA,NA,NA,NA,NA,NA,NA,NA,NA,NA,NA,NA,NA,NA,NA,NA,NA,NA,NA,NA,NA,NA,NA
Guinea-Bissau,GNB,Western Africa RCC,NA,NA,points,1434184567,11.857299,-15.6174821,OpenStreetMap via osmdata,guinea bissau | NA,NA,NA,NA,NA,NA,NA,NA,NA,NA,NA,NA,NA,NA,NA,NA,NA,NA,NA,NA,NA,NA,NA,NA,NA,NA,NA,NA,NA,NA,NA,NA,NA,NA,NA,NA,NA,NA,NA,NA,NA
Guinea-Bissau,GNB,Western Africa RCC,NA,NA,points,1434184574,11.8573276,-15.6179129,OpenStreetMap via osmdata,guinea bissau | NA,NA,NA,NA,NA,NA,NA,NA,NA,NA,NA,NA,NA,NA,NA,NA,NA,NA,NA,NA,NA,NA,NA,NA,NA,NA,NA,NA,NA,NA,NA,NA,NA,NA,NA,NA,NA,NA,NA,NA,NA
Guinea-Bissau,GNB,Western Africa RCC,NA,NA,points,1434184575,11.8573305,-15.6183039,OpenStreetMap via osmdata,guinea bissau | NA,NA,NA,NA,NA,NA,NA,NA,NA,NA,NA,NA,NA,NA,NA,NA,NA,NA,NA,NA,NA,NA,NA,NA,NA,NA,NA,NA,NA,NA,NA,NA,NA,NA,NA,NA,NA,NA,NA,NA,NA
Guinea-Bissau,GNB,Western Africa RCC,NA,NA,points,1434184600,11.8574132,-15.6181309,OpenStreetMap via osmdata,guinea bissau | NA,NA,NA,NA,NA,NA,NA,NA,NA,NA,NA,NA,NA,NA,NA,NA,NA,NA,NA,NA,NA,NA,NA,NA,NA,NA,NA,NA,NA,NA,NA,NA,NA,NA,NA,NA,NA,NA,NA,NA,NA
Guinea-Bissau,GNB,Western Africa RCC,NA,NA,points,1434184601,11.8574226,-15.6174848,OpenStreetMap via osmdata,guinea bissau | NA,NA,NA,NA,NA,NA,NA,NA,NA,NA,NA,NA,NA,NA,NA,NA,NA,NA,NA,NA,NA,NA,NA,NA,NA,NA,NA,NA,NA,NA,NA,NA,NA,NA,NA,NA,NA,NA,NA,NA,NA
Guinea-Bissau,GNB,Western Africa RCC,NA,NA,points,1434184602,11.8574279,-15.6181054,OpenStreetMap via osmdata,guinea bissau | NA,NA,NA,NA,NA,NA,NA,NA,NA,NA,NA,NA,NA,NA,NA,NA,NA,NA,NA,NA,NA,NA,NA,NA,NA,NA,NA,NA,NA,NA,NA,NA,NA,NA,NA,NA,NA,NA,NA,NA,NA
Guinea-Bissau,GNB,Western Africa RCC,NA,NA,points,1434184603,11.857473,-15.6182423,OpenStreetMap via osmdata,guinea bissau | NA,NA,NA,NA,NA,NA,NA,NA,NA,NA,NA,NA,NA,NA,NA,NA,NA,NA,NA,NA,NA,NA,NA,NA,NA,NA,NA,NA,NA,NA,NA,NA,NA,NA,NA,NA,NA,NA,NA,NA,NA
Guinea-Bissau,GNB,Western Africa RCC,NA,NA,points,1434184605,11.857475,-15.6178056,OpenStreetMap via osmdata,guinea bissau | NA,NA,NA,NA,NA,NA,NA,NA,NA,NA,NA,NA,NA,NA,NA,NA,NA,NA,NA,NA,NA,NA,NA,NA,NA,NA,NA,NA,NA,NA,NA,NA,NA,NA,NA,NA,NA,NA,NA,NA,NA
Guinea-Bissau,GNB,Western Africa RCC,NA,NA,points,1434184606,11.8574826,-15.61799,OpenStreetMap via osmdata,guinea bissau | NA,NA,NA,NA,NA,NA,NA,NA,NA,NA,NA,NA,NA,NA,NA,NA,NA,NA,NA,NA,NA,NA,NA,NA,NA,NA,NA,NA,NA,NA,NA,NA,NA,NA,NA,NA,NA,NA,NA,NA,NA
Guinea-Bissau,GNB,Western Africa RCC,NA,NA,points,1434184607,11.8574858,-15.6173526,OpenStreetMap via osmdata,guinea bissau | NA,NA,NA,NA,NA,NA,NA,NA,NA,NA,NA,NA,NA,NA,NA,NA,NA,NA,NA,NA,NA,NA,NA,NA,NA,NA,NA,NA,NA,NA,NA,NA,NA,NA,NA,NA,NA,NA,NA,NA,NA
Guinea-Bissau,GNB,Western Africa RCC,NA,NA,points,1434184615,11.8575015,-15.6177501,OpenStreetMap via osmdata,guinea bissau | NA,NA,NA,NA,NA,NA,NA,NA,NA,NA,NA,NA,NA,NA,NA,NA,NA,NA,NA,NA,NA,NA,NA,NA,NA,NA,NA,NA,NA,NA,NA,NA,NA,NA,NA,NA,NA,NA,NA,NA,NA
Guinea-Bissau,GNB,Western Africa RCC,NA,NA,points,1434184619,11.8575018,-15.6178228,OpenStreetMap via osmdata,guinea bissau | NA,NA,NA,NA,NA,NA,NA,NA,NA,NA,NA,NA,NA,NA,NA,NA,NA,NA,NA,NA,NA,NA,NA,NA,NA,NA,NA,NA,NA,NA,NA,NA,NA,NA,NA,NA,NA,NA,NA,NA,NA
Guinea-Bissau,GNB,Western Africa RCC,NA,NA,points,1434184620,11.8575045,-15.6181765,OpenStreetMap via osmdata,guinea bissau | NA,NA,NA,NA,NA,NA,NA,NA,NA,NA,NA,NA,NA,NA,NA,NA,NA,NA,NA,NA,NA,NA,NA,NA,NA,NA,NA,NA,NA,NA,NA,NA,NA,NA,NA,NA,NA,NA,NA,NA,NA
Guinea-Bissau,GNB,Western Africa RCC,NA,NA,points,1434184621,11.8575168,-15.6181493,OpenStreetMap via osmdata,guinea bissau | NA,NA,NA,NA,NA,NA,NA,NA,NA,NA,NA,NA,NA,NA,NA,NA,NA,NA,NA,NA,NA,NA,NA,NA,NA,NA,NA,NA,NA,NA,NA,NA,NA,NA,NA,NA,NA,NA,NA,NA,NA
Guinea-Bissau,GNB,Western Africa RCC,NA,NA,points,1434184622,11.8575304,-15.6177629,OpenStreetMap via osmdata,guinea bissau | NA,NA,NA,NA,NA,NA,NA,NA,NA,NA,NA,NA,NA,NA,NA,NA,NA,NA,NA,NA,NA,NA,NA,NA,NA,NA,NA,NA,NA,NA,NA,NA,NA,NA,NA,NA,NA,NA,NA,NA,NA
Guinea-Bissau,GNB,Western Africa RCC,NA,NA,points,1434184624,11.8575478,-15.6176064,OpenStreetMap via osmdata,guinea bissau | NA,NA,NA,NA,NA,NA,NA,NA,NA,NA,NA,NA,NA,NA,NA,NA,NA,NA,NA,NA,NA,NA,NA,NA,NA,NA,NA,NA,NA,NA,NA,NA,NA,NA,NA,NA,NA,NA,NA,NA,NA
Guinea-Bissau,GNB,Western Africa RCC,NA,NA,points,1434184626,11.8575488,-15.6181553,OpenStreetMap via osmdata,guinea bissau | NA,NA,NA,NA,NA,NA,NA,NA,NA,NA,NA,NA,NA,NA,NA,NA,NA,NA,NA,NA,NA,NA,NA,NA,NA,NA,NA,NA,NA,NA,NA,NA,NA,NA,NA,NA,NA,NA,NA,NA,NA
Guinea-Bissau,GNB,Western Africa RCC,NA,NA,points,1434184627,11.857565,-15.6182883,OpenStreetMap via osmdata,guinea bissau | NA,NA,NA,NA,NA,NA,NA,NA,NA,NA,NA,NA,NA,NA,NA,NA,NA,NA,NA,NA,NA,NA,NA,NA,NA,NA,NA,NA,NA,NA,NA,NA,NA,NA,NA,NA,NA,NA,NA,NA,NA
Guinea-Bissau,GNB,Western Africa RCC,NA,NA,points,1434184631,11.8575682,-15.6173937,OpenStreetMap via osmdata,guinea bissau | NA,NA,NA,NA,NA,NA,NA,NA,NA,NA,NA,NA,NA,NA,NA,NA,NA,NA,NA,NA,NA,NA,NA,NA,NA,NA,NA,NA,NA,NA,NA,NA,NA,NA,NA,NA,NA,NA,NA,NA,NA
Guinea-Bissau,GNB,Western Africa RCC,NA,NA,points,1434184632,11.8575706,-15.6175587,OpenStreetMap via osmdata,guinea bissau | NA,NA,NA,NA,NA,NA,NA,NA,NA,NA,NA,NA,NA,NA,NA,NA,NA,NA,NA,NA,NA,NA,NA,NA,NA,NA,NA,NA,NA,NA,NA,NA,NA,NA,NA,NA,NA,NA,NA,NA,NA
Guinea-Bissau,GNB,Western Africa RCC,NA,NA,points,1434184633,11.8575715,-15.6180339,OpenStreetMap via osmdata,guinea bissau | NA,NA,NA,NA,NA,NA,NA,NA,NA,NA,NA,NA,NA,NA,NA,NA,NA,NA,NA,NA,NA,NA,NA,NA,NA,NA,NA,NA,NA,NA,NA,NA,NA,NA,NA,NA,NA,NA,NA,NA,NA
Guinea-Bissau,GNB,Western Africa RCC,NA,NA,points,1434184634,11.8575993,-15.6180498,OpenStreetMap via osmdata,guinea bissau | NA,NA,NA,NA,NA,NA,NA,NA,NA,NA,NA,NA,NA,NA,NA,NA,NA,NA,NA,NA,NA,NA,NA,NA,NA,NA,NA,NA,NA,NA,NA,NA,NA,NA,NA,NA,NA,NA,NA,NA,NA
Guinea-Bissau,GNB,Western Africa RCC,NA,NA,points,1434184635,11.8576132,-15.6181875,OpenStreetMap via osmdata,guinea bissau | NA,NA,NA,NA,NA,NA,NA,NA,NA,NA,NA,NA,NA,NA,NA,NA,NA,NA,NA,NA,NA,NA,NA,NA,NA,NA,NA,NA,NA,NA,NA,NA,NA,NA,NA,NA,NA,NA,NA,NA,NA
Guinea-Bissau,GNB,Western Africa RCC,NA,NA,points,1434184636,11.8576281,-15.6176474,OpenStreetMap via osmdata,guinea bissau | NA,NA,NA,NA,NA,NA,NA,NA,NA,NA,NA,NA,NA,NA,NA,NA,NA,NA,NA,NA,NA,NA,NA,NA,NA,NA,NA,NA,NA,NA,NA,NA,NA,NA,NA,NA,NA,NA,NA,NA,NA
Guinea-Bissau,GNB,Western Africa RCC,NA,NA,points,1434184637,11.857655,-15.6172123,OpenStreetMap via osmdata,guinea bissau | NA,NA,NA,NA,NA,NA,NA,NA,NA,NA,NA,NA,NA,NA,NA,NA,NA,NA,NA,NA,NA,NA,NA,NA,NA,NA,NA,NA,NA,NA,NA,NA,NA,NA,NA,NA,NA,NA,NA,NA,NA
Guinea-Bissau,GNB,Western Africa RCC,NA,NA,points,1434184638,11.8577045,-15.6174303,OpenStreetMap via osmdata,guinea bissau | NA,NA,NA,NA,NA,NA,NA,NA,NA,NA,NA,NA,NA,NA,NA,NA,NA,NA,NA,NA,NA,NA,NA,NA,NA,NA,NA,NA,NA,NA,NA,NA,NA,NA,NA,NA,NA,NA,NA,NA,NA
Guinea-Bissau,GNB,Western Africa RCC,NA,NA,points,1434184639,11.8577149,-15.6181076,OpenStreetMap via osmdata,guinea bissau | NA,NA,NA,NA,NA,NA,NA,NA,NA,NA,NA,NA,NA,NA,NA,NA,NA,NA,NA,NA,NA,NA,NA,NA,NA,NA,NA,NA,NA,NA,NA,NA,NA,NA,NA,NA,NA,NA,NA,NA,NA
Guinea-Bissau,GNB,Western Africa RCC,NA,NA,points,1434184640,11.8577266,-15.6174414,OpenStreetMap via osmdata,guinea bissau | NA,NA,NA,NA,NA,NA,NA,NA,NA,NA,NA,NA,NA,NA,NA,NA,NA,NA,NA,NA,NA,NA,NA,NA,NA,NA,NA,NA,NA,NA,NA,NA,NA,NA,NA,NA,NA,NA,NA,NA,NA
Guinea-Bissau,GNB,Western Africa RCC,NA,NA,points,1434184641,11.8577434,-15.6178693,OpenStreetMap via osmdata,guinea bissau | NA,NA,NA,NA,NA,NA,NA,NA,NA,NA,NA,NA,NA,NA,NA,NA,NA,NA,NA,NA,NA,NA,NA,NA,NA,NA,NA,NA,NA,NA,NA,NA,NA,NA,NA,NA,NA,NA,NA,NA,NA
Guinea-Bissau,GNB,Western Africa RCC,NA,NA,points,1434184642,11.8577792,-15.6172743,OpenStreetMap via osmdata,guinea bissau | NA,NA,NA,NA,NA,NA,NA,NA,NA,NA,NA,NA,NA,NA,NA,NA,NA,NA,NA,NA,NA,NA,NA,NA,NA,NA,NA,NA,NA,NA,NA,NA,NA,NA,NA,NA,NA,NA,NA,NA,NA
Guinea-Bissau,GNB,Western Africa RCC,NA,NA,points,1434184643,11.8577838,-15.6179637,OpenStreetMap via osmdata,guinea bissau | NA,NA,NA,NA,NA,NA,NA,NA,NA,NA,NA,NA,NA,NA,NA,NA,NA,NA,NA,NA,NA,NA,NA,NA,NA,NA,NA,NA,NA,NA,NA,NA,NA,NA,NA,NA,NA,NA,NA,NA,NA
Guinea-Bissau,GNB,Western Africa RCC,NA,NA,points,1434184644,11.8578068,-15.6177367,OpenStreetMap via osmdata,guinea bissau | NA,NA,NA,NA,NA,NA,NA,NA,NA,NA,NA,NA,NA,NA,NA,NA,NA,NA,NA,NA,NA,NA,NA,NA,NA,NA,NA,NA,NA,NA,NA,NA,NA,NA,NA,NA,NA,NA,NA,NA,NA
Guinea-Bissau,GNB,Western Africa RCC,NA,NA,points,1435338625,11.8632595,-15.6313078,OpenStreetMap via osmdata,guinea bissau | NA,NA,NA,NA,NA,NA,NA,NA,NA,NA,NA,NA,NA,NA,NA,NA,NA,NA,NA,NA,NA,NA,NA,NA,NA,NA,NA,NA,NA,NA,NA,NA,NA,NA,NA,NA,NA,NA,NA,NA,NA
Guinea-Bissau,GNB,Western Africa RCC,NA,NA,points,1435338627,11.8633153,-15.6311335,OpenStreetMap via osmdata,guinea bissau | NA,NA,NA,NA,NA,NA,NA,NA,NA,NA,NA,NA,NA,NA,NA,NA,NA,NA,NA,NA,NA,NA,NA,NA,NA,NA,NA,NA,NA,NA,NA,NA,NA,NA,NA,NA,NA,NA,NA,NA,NA
Guinea-Bissau,GNB,Western Africa RCC,NA,NA,points,1435338628,11.8633612,-15.6310633,OpenStreetMap via osmdata,guinea bissau | NA,NA,NA,NA,NA,gate,NA,NA,NA,NA,NA,NA,NA,NA,NA,NA,NA,NA,NA,NA,NA,NA,NA,NA,NA,NA,NA,NA,NA,NA,NA,NA,NA,NA,NA,NA,NA,NA,NA,NA,NA
Guinea-Bissau,GNB,Western Africa RCC,NA,NA,points,1435338630,11.863365,-15.6309086,OpenStreetMap via osmdata,guinea bissau | NA,NA,NA,NA,NA,NA,NA,NA,NA,NA,NA,NA,NA,NA,NA,NA,NA,NA,NA,NA,NA,NA,NA,NA,NA,NA,NA,NA,NA,NA,NA,NA,NA,NA,NA,NA,NA,NA,NA,NA,NA
Guinea-Bissau,GNB,Western Africa RCC,NA,NA,points,1435338634,11.863427,-15.6309624,OpenStreetMap via osmdata,guinea bissau | NA,NA,NA,NA,NA,NA,NA,NA,NA,NA,NA,NA,NA,NA,NA,NA,NA,NA,NA,NA,NA,NA,NA,NA,NA,NA,NA,NA,NA,NA,NA,NA,NA,NA,NA,NA,NA,NA,NA,NA,NA
Guinea-Bissau,GNB,Western Africa RCC,NA,NA,points,1435338646,11.8635727,-15.6301797,OpenStreetMap via osmdata,guinea bissau | NA,NA,NA,NA,NA,NA,NA,NA,NA,NA,NA,NA,NA,NA,NA,NA,NA,NA,NA,NA,NA,NA,NA,NA,NA,NA,NA,NA,NA,NA,NA,NA,NA,NA,NA,NA,NA,NA,NA,NA,NA
Guinea-Bissau,GNB,Western Africa RCC,NA,NA,points,1435338647,11.8635785,-15.6301702,OpenStreetMap via osmdata,guinea bissau | NA,NA,NA,NA,NA,gate,NA,NA,NA,NA,NA,NA,NA,NA,NA,NA,NA,NA,NA,NA,NA,NA,NA,NA,NA,NA,NA,NA,NA,NA,NA,NA,NA,NA,NA,NA,NA,NA,NA,NA,NA
Guinea-Bissau,GNB,Western Africa RCC,NA,NA,points,1435338650,11.8636207,-15.6300998,OpenStreetMap via osmdata,guinea bissau | NA,NA,NA,NA,NA,gate,NA,NA,NA,NA,NA,NA,NA,NA,NA,NA,NA,NA,NA,NA,NA,NA,NA,NA,NA,NA,NA,NA,NA,NA,NA,NA,NA,NA,NA,NA,NA,NA,NA,NA,NA
Guinea-Bissau,GNB,Western Africa RCC,NA,NA,points,1435338651,11.8636316,-15.6298977,OpenStreetMap via osmdata,guinea bissau | NA,NA,NA,NA,NA,NA,NA,NA,NA,NA,NA,NA,NA,NA,NA,NA,NA,NA,NA,NA,NA,NA,NA,NA,NA,NA,NA,NA,NA,NA,NA,NA,NA,NA,NA,NA,NA,NA,NA,NA,NA
Guinea-Bissau,GNB,Western Africa RCC,NA,NA,points,1435338652,11.8636565,-15.6300403,OpenStreetMap via osmdata,guinea bissau | NA,NA,NA,NA,NA,NA,NA,NA,NA,NA,NA,NA,NA,NA,NA,NA,NA,NA,NA,NA,NA,NA,NA,NA,NA,NA,NA,NA,NA,NA,NA,NA,NA,NA,NA,NA,NA,NA,NA,NA,NA
Guinea-Bissau,GNB,Western Africa RCC,NA,NA,points,1435338656,11.8637309,-15.629565,OpenStreetMap via osmdata,guinea bissau | NA,NA,NA,NA,NA,NA,NA,NA,NA,NA,NA,NA,NA,NA,NA,NA,NA,NA,NA,NA,NA,NA,NA,NA,NA,NA,NA,NA,NA,NA,NA,NA,NA,NA,NA,NA,NA,NA,NA,NA,NA
Guinea-Bissau,GNB,Western Africa RCC,NA,NA,points,1435338670,11.8647077,-15.6322458,OpenStreetMap via osmdata,guinea bissau | NA,NA,NA,NA,NA,NA,NA,NA,NA,NA,NA,NA,NA,NA,NA,NA,NA,NA,NA,NA,NA,NA,NA,NA,NA,NA,NA,NA,NA,NA,NA,NA,NA,NA,NA,NA,NA,NA,NA,NA,NA
Guinea-Bissau,GNB,Western Africa RCC,NA,NA,points,1435338675,11.8651547,-15.6316409,OpenStreetMap via osmdata,guinea bissau | NA,NA,NA,NA,NA,gate,NA,NA,NA,NA,NA,NA,NA,NA,NA,NA,NA,NA,NA,NA,NA,NA,NA,NA,NA,NA,NA,NA,NA,NA,NA,NA,NA,NA,NA,NA,NA,NA,NA,NA,NA
Guinea-Bissau,GNB,Western Africa RCC,NA,NA,points,1435338677,11.8656281,-15.6310004,OpenStreetMap via osmdata,guinea bissau | NA,NA,NA,NA,NA,gate,NA,NA,NA,NA,NA,NA,NA,NA,NA,NA,NA,NA,NA,NA,NA,NA,NA,NA,NA,NA,NA,NA,NA,NA,NA,NA,NA,NA,NA,NA,NA,NA,NA,NA,NA
Guinea-Bissau,GNB,Western Africa RCC,NA,NA,points,1435338679,11.8657404,-15.6308484,OpenStreetMap via osmdata,guinea bissau | NA,NA,NA,NA,NA,NA,NA,NA,NA,NA,NA,NA,NA,NA,NA,NA,NA,NA,NA,NA,NA,NA,NA,NA,NA,NA,NA,NA,NA,NA,NA,NA,NA,NA,NA,NA,NA,NA,NA,NA,NA
Guinea-Bissau,GNB,Western Africa RCC,NA,NA,points,1437677013,11.8572865,-15.6169256,OpenStreetMap via osmdata,guinea bissau | NA,NA,NA,NA,NA,NA,NA,NA,NA,NA,NA,NA,NA,NA,NA,NA,NA,NA,NA,NA,NA,NA,NA,NA,NA,NA,NA,NA,NA,NA,NA,NA,NA,NA,NA,NA,NA,NA,NA,NA,NA
Guinea-Bissau,GNB,Western Africa RCC,NA,NA,points,1437677022,11.8573734,-15.6169643,OpenStreetMap via osmdata,guinea bissau | NA,NA,NA,NA,NA,NA,NA,NA,NA,NA,NA,NA,NA,NA,NA,NA,NA,NA,NA,NA,NA,NA,NA,NA,NA,NA,NA,NA,NA,NA,NA,NA,NA,NA,NA,NA,NA,NA,NA,NA,NA
Guinea-Bissau,GNB,Western Africa RCC,NA,NA,points,1438157085,11.856842,-15.6181159,OpenStreetMap via osmdata,guinea bissau | NA,NA,NA,NA,NA,NA,NA,NA,NA,NA,NA,NA,NA,NA,NA,NA,NA,NA,NA,NA,NA,NA,NA,NA,NA,NA,NA,NA,NA,NA,NA,NA,NA,NA,NA,NA,NA,NA,NA,NA,NA
Guinea-Bissau,GNB,Western Africa RCC,NA,NA,points,1438157091,11.8568823,-15.6181697,OpenStreetMap via osmdata,guinea bissau | NA,NA,NA,NA,NA,NA,NA,NA,NA,NA,NA,NA,NA,NA,NA,NA,NA,NA,NA,NA,NA,NA,NA,NA,NA,NA,NA,NA,NA,NA,NA,NA,NA,NA,NA,NA,NA,NA,NA,NA,NA
Guinea-Bissau,GNB,Western Africa RCC,NA,NA,points,1438157093,11.8570217,-15.6175716,OpenStreetMap via osmdata,guinea bissau | NA,NA,NA,NA,NA,NA,NA,NA,NA,NA,NA,NA,NA,NA,NA,NA,NA,NA,NA,NA,NA,NA,NA,NA,NA,NA,NA,NA,NA,NA,NA,NA,NA,NA,NA,NA,NA,NA,NA,NA,NA
Guinea-Bissau,GNB,Western Africa RCC,NA,NA,points,1438157095,11.8570217,-15.6177836,OpenStreetMap via osmdata,guinea bissau | NA,NA,NA,NA,NA,NA,NA,NA,NA,NA,NA,NA,NA,NA,NA,NA,NA,NA,NA,NA,NA,NA,NA,NA,NA,NA,NA,NA,NA,NA,NA,NA,NA,NA,NA,NA,NA,NA,NA,NA,NA
Guinea-Bissau,GNB,Western Africa RCC,NA,NA,points,1438157097,11.8575606,-15.6187141,OpenStreetMap via osmdata,guinea bissau | NA,NA,NA,NA,NA,NA,NA,NA,NA,NA,NA,NA,NA,NA,NA,NA,NA,NA,NA,NA,NA,NA,NA,NA,NA,NA,NA,NA,NA,NA,NA,NA,NA,NA,NA,NA,NA,NA,NA,NA,NA
Guinea-Bissau,GNB,Western Africa RCC,NA,NA,points,1438157144,11.8583039,-15.6171222,OpenStreetMap via osmdata,guinea bissau | NA,NA,NA,NA,NA,NA,NA,NA,NA,NA,NA,NA,NA,NA,NA,NA,NA,NA,NA,NA,NA,NA,NA,NA,NA,NA,NA,NA,NA,NA,NA,NA,NA,NA,NA,NA,NA,NA,NA,NA,NA
Guinea-Bissau,GNB,Western Africa RCC,NA,NA,points,1438157147,11.8583549,-15.61792,OpenStreetMap via osmdata,guinea bissau | NA,NA,NA,NA,NA,gate,NA,NA,NA,NA,NA,NA,NA,NA,NA,NA,NA,NA,NA,NA,NA,NA,NA,NA,NA,NA,NA,NA,NA,NA,NA,NA,NA,NA,NA,NA,NA,NA,NA,NA,NA
Guinea-Bissau,GNB,Western Africa RCC,NA,NA,points,1438157180,11.8585858,-15.6176823,OpenStreetMap via osmdata,guinea bissau | NA,NA,NA,NA,NA,NA,NA,NA,NA,NA,NA,NA,NA,NA,NA,NA,NA,NA,NA,NA,NA,NA,NA,NA,NA,NA,NA,NA,NA,NA,NA,NA,NA,NA,NA,NA,NA,NA,NA,NA,NA
Guinea-Bissau,GNB,Western Africa RCC,NA,pharmacy,points,2130831642,11.8583646,-15.5956633,OpenStreetMap via osmdata,guinea bissau | NA,NA,NA,NA,pharmacy,NA,NA,NA,NA,NA,NA,NA,NA,NA,NA,NA,NA,NA,NA,NA,NA,NA,NA,NA,NA,NA,NA,NA,NA,NA,NA,NA,NA,NA,NA,NA,NA,NA,NA,NA,NA
Guinea-Bissau,GNB,Western Africa RCC,NA,NA,points,3818494881,11.8567441,-15.6166702,OpenStreetMap via osmdata,guinea bissau | NA,NA,NA,NA,NA,NA,NA,NA,NA,NA,NA,NA,NA,NA,NA,NA,NA,NA,NA,NA,NA,NA,NA,NA,NA,NA,NA,NA,NA,NA,NA,NA,NA,NA,NA,NA,NA,NA,NA,NA,NA
Guinea-Bissau,GNB,Western Africa RCC,NA,NA,points,3818494888,11.8572345,-15.616873,OpenStreetMap via osmdata,guinea bissau | NA,NA,NA,NA,NA,NA,NA,NA,NA,NA,NA,NA,NA,NA,NA,NA,NA,NA,NA,NA,NA,NA,NA,NA,NA,NA,NA,NA,NA,NA,NA,NA,NA,NA,NA,NA,NA,NA,NA,NA,NA
Guinea-Bissau,GNB,Western Africa RCC,NA,NA,points,3818494890,11.857594,-15.6159654,OpenStreetMap via osmdata,guinea bissau | NA,NA,NA,NA,NA,NA,NA,NA,NA,NA,NA,NA,NA,NA,NA,NA,NA,NA,NA,NA,NA,NA,NA,NA,NA,NA,NA,NA,NA,NA,NA,NA,NA,NA,NA,NA,NA,NA,NA,NA,NA
Guinea-Bissau,GNB,Western Africa RCC,NA,NA,points,3818494891,11.8571037,-15.6157626,OpenStreetMap via osmdata,guinea bissau | NA,NA,NA,NA,NA,NA,NA,NA,NA,NA,NA,NA,NA,NA,NA,NA,NA,NA,NA,NA,NA,NA,NA,NA,NA,NA,NA,NA,NA,NA,NA,NA,NA,NA,NA,NA,NA,NA,NA,NA,NA
Guinea-Bissau,GNB,Western Africa RCC,NA,NA,points,4241883439,12.0635665,-16.0246568,OpenStreetMap via osmdata,guinea bissau | NA,NA,NA,NA,NA,NA,NA,NA,NA,NA,NA,NA,NA,NA,NA,NA,NA,NA,NA,NA,NA,NA,NA,NA,NA,NA,NA,NA,NA,NA,NA,NA,NA,NA,NA,NA,NA,NA,NA,NA,NA
Guinea-Bissau,GNB,Western Africa RCC,NA,NA,points,4241883676,12.0644204,-16.0261625,OpenStreetMap via osmdata,guinea bissau | NA,NA,NA,NA,NA,NA,NA,NA,NA,NA,NA,NA,NA,NA,NA,NA,NA,NA,NA,NA,NA,NA,NA,NA,NA,NA,NA,NA,NA,NA,NA,NA,NA,NA,NA,NA,NA,NA,NA,NA,NA
Guinea-Bissau,GNB,Western Africa RCC,NA,NA,points,4241883701,12.0646024,-16.024142,OpenStreetMap via osmdata,guinea bissau | NA,NA,NA,NA,NA,NA,NA,NA,NA,NA,NA,NA,NA,NA,NA,NA,NA,NA,NA,NA,NA,NA,NA,NA,NA,NA,NA,NA,NA,NA,NA,NA,NA,NA,NA,NA,NA,NA,NA,NA,NA
Guinea-Bissau,GNB,Western Africa RCC,NA,NA,points,4241883725,12.0647734,-16.0255884,OpenStreetMap via osmdata,guinea bissau | NA,NA,NA,NA,NA,NA,NA,NA,NA,NA,NA,NA,NA,NA,NA,NA,NA,NA,NA,NA,NA,NA,NA,NA,NA,NA,NA,NA,NA,NA,NA,NA,NA,NA,NA,NA,NA,NA,NA,NA,NA
Guinea-Bissau,GNB,Western Africa RCC,NA,NA,points,4241883757,12.0649179,-16.0258806,OpenStreetMap via osmdata,guinea bissau | NA,NA,NA,NA,NA,NA,NA,NA,NA,NA,NA,NA,NA,NA,NA,NA,NA,NA,NA,NA,NA,NA,NA,NA,NA,NA,NA,NA,NA,NA,NA,NA,NA,NA,NA,NA,NA,NA,NA,NA,NA
Guinea-Bissau,GNB,Western Africa RCC,NA,NA,points,4241883809,12.0651772,-16.0253727,OpenStreetMap via osmdata,guinea bissau | NA,NA,NA,NA,NA,NA,NA,NA,NA,NA,NA,NA,NA,NA,NA,NA,NA,NA,NA,NA,NA,NA,NA,NA,NA,NA,NA,NA,NA,NA,NA,NA,NA,NA,NA,NA,NA,NA,NA,NA,NA
Guinea-Bissau,GNB,Western Africa RCC,NA,NA,points,4375654089,11.8961784,-15.5888566,OpenStreetMap via osmdata,guinea bissau | NA,NA,NA,NA,NA,NA,NA,NA,NA,NA,NA,NA,NA,NA,NA,NA,NA,NA,NA,NA,NA,NA,NA,NA,NA,NA,NA,NA,NA,NA,NA,NA,NA,NA,NA,NA,NA,NA,NA,NA,NA
Guinea-Bissau,GNB,Western Africa RCC,NA,NA,points,4513887289,12.2790337,-14.2186578,OpenStreetMap via osmdata,guinea bissau | NA,NA,NA,NA,NA,NA,NA,NA,NA,NA,NA,NA,NA,NA,NA,NA,NA,NA,NA,NA,NA,NA,NA,NA,NA,NA,NA,NA,NA,NA,NA,NA,NA,NA,NA,NA,NA,NA,NA,NA,NA
Guinea-Bissau,GNB,Western Africa RCC,NA,NA,points,4850219456,11.1646934,-15.9281489,OpenStreetMap via osmdata,guinea bissau | NA,NA,NA,NA,NA,NA,NA,NA,NA,NA,NA,NA,NA,NA,NA,NA,NA,NA,NA,NA,NA,NA,NA,NA,NA,NA,NA,NA,NA,NA,NA,NA,NA,NA,NA,NA,NA,NA,NA,NA,NA
Guinea-Bissau,GNB,Western Africa RCC,NA,NA,points,4850219457,11.1647459,-15.9281941,OpenStreetMap via osmdata,guinea bissau | NA,NA,NA,NA,NA,NA,NA,NA,NA,NA,NA,NA,NA,NA,NA,NA,NA,NA,NA,NA,NA,NA,NA,NA,NA,NA,NA,NA,NA,NA,NA,NA,NA,NA,NA,NA,NA,NA,NA,NA,NA
Guinea-Bissau,GNB,Western Africa RCC,NA,NA,points,4850219458,11.1647987,-15.9281303,OpenStreetMap via osmdata,guinea bissau | NA,NA,NA,NA,NA,NA,NA,NA,NA,NA,NA,NA,NA,NA,NA,NA,NA,NA,NA,NA,NA,NA,NA,NA,NA,NA,NA,NA,NA,NA,NA,NA,NA,NA,NA,NA,NA,NA,NA,NA,NA
Guinea-Bissau,GNB,Western Africa RCC,NA,NA,points,4850219459,11.1648289,-15.9281562,OpenStreetMap via osmdata,guinea bissau | NA,NA,NA,NA,NA,NA,NA,NA,NA,NA,NA,NA,NA,NA,NA,NA,NA,NA,NA,NA,NA,NA,NA,NA,NA,NA,NA,NA,NA,NA,NA,NA,NA,NA,NA,NA,NA,NA,NA,NA,NA
Guinea-Bissau,GNB,Western Africa RCC,NA,NA,points,4850219460,11.1648715,-15.9281048,OpenStreetMap via osmdata,guinea bissau | NA,NA,NA,NA,NA,NA,NA,NA,NA,NA,NA,NA,NA,NA,NA,NA,NA,NA,NA,NA,NA,NA,NA,NA,NA,NA,NA,NA,NA,NA,NA,NA,NA,NA,NA,NA,NA,NA,NA,NA,NA
Guinea-Bissau,GNB,Western Africa RCC,NA,NA,points,4850219461,11.1647887,-15.9280337,OpenStreetMap via osmdata,guinea bissau | NA,NA,NA,NA,NA,NA,NA,NA,NA,NA,NA,NA,NA,NA,NA,NA,NA,NA,NA,NA,NA,NA,NA,NA,NA,NA,NA,NA,NA,NA,NA,NA,NA,NA,NA,NA,NA,NA,NA,NA,NA
Guinea-Bissau,GNB,Western Africa RCC,NA,NA,points,5174258332,11.8307375,-15.686794,OpenStreetMap via osmdata,guinea bissau | NA,NA,NA,NA,NA,NA,NA,NA,NA,NA,NA,NA,NA,NA,NA,NA,NA,NA,NA,NA,NA,NA,NA,NA,NA,NA,NA,NA,NA,NA,NA,NA,NA,NA,NA,NA,NA,NA,NA,NA,NA
Guinea-Bissau,GNB,Western Africa RCC,NA,NA,points,5174258333,11.8306792,-15.6866963,OpenStreetMap via osmdata,guinea bissau | NA,NA,NA,NA,NA,NA,NA,NA,NA,NA,NA,NA,NA,NA,NA,NA,NA,NA,NA,NA,NA,NA,NA,NA,NA,NA,NA,NA,NA,NA,NA,NA,NA,NA,NA,NA,NA,NA,NA,NA,NA
Guinea-Bissau,GNB,Western Africa RCC,NA,NA,points,5174258335,11.8306684,-15.6866204,OpenStreetMap via osmdata,guinea bissau | NA,NA,NA,NA,NA,NA,NA,NA,NA,NA,NA,NA,NA,NA,NA,NA,NA,NA,NA,NA,NA,NA,NA,NA,NA,NA,NA,NA,NA,NA,NA,NA,NA,NA,NA,NA,NA,NA,NA,NA,NA
Guinea-Bissau,GNB,Western Africa RCC,NA,NA,points,5174258339,11.8307682,-15.6869316,OpenStreetMap via osmdata,guinea bissau | NA,NA,NA,NA,NA,NA,NA,NA,NA,NA,NA,NA,NA,NA,NA,NA,NA,NA,NA,NA,NA,NA,NA,NA,NA,NA,NA,NA,NA,NA,NA,NA,NA,NA,NA,NA,NA,NA,NA,NA,NA
Guinea-Bissau,GNB,Western Africa RCC,NA,NA,points,5174258340,11.8310454,-15.6868242,OpenStreetMap via osmdata,guinea bissau | NA,NA,NA,NA,NA,NA,NA,NA,NA,NA,NA,NA,NA,NA,NA,NA,NA,NA,NA,NA,NA,NA,NA,NA,NA,NA,NA,NA,NA,NA,NA,NA,NA,NA,NA,NA,NA,NA,NA,NA,NA
Guinea-Bissau,GNB,Western Africa RCC,NA,NA,points,5174258341,11.830784,-15.6870871,OpenStreetMap via osmdata,guinea bissau | NA,NA,NA,NA,NA,NA,NA,NA,NA,NA,NA,NA,NA,NA,NA,NA,NA,NA,NA,NA,NA,NA,NA,NA,NA,NA,NA,NA,NA,NA,NA,NA,NA,NA,NA,NA,NA,NA,NA,NA,NA
Guinea-Bissau,GNB,Western Africa RCC,NA,NA,points,5174258342,11.8310077,-15.6865672,OpenStreetMap via osmdata,guinea bissau | NA,NA,NA,NA,NA,NA,NA,NA,NA,NA,NA,NA,NA,NA,NA,NA,NA,NA,NA,NA,NA,NA,NA,NA,NA,NA,NA,NA,NA,NA,NA,NA,NA,NA,NA,NA,NA,NA,NA,NA,NA
Guinea-Bissau,GNB,Western Africa RCC,NA,NA,points,5174258349,11.8309572,-15.6873875,OpenStreetMap via osmdata,guinea bissau | NA,NA,NA,NA,NA,NA,NA,NA,NA,NA,NA,NA,NA,NA,NA,NA,NA,NA,NA,NA,NA,NA,NA,NA,NA,NA,NA,NA,NA,NA,NA,NA,NA,NA,NA,NA,NA,NA,NA,NA,NA
Guinea-Bissau,GNB,Western Africa RCC,NA,NA,points,5174258350,11.8308417,-15.6874144,OpenStreetMap via osmdata,guinea bissau | NA,NA,NA,NA,NA,NA,NA,NA,NA,NA,NA,NA,NA,NA,NA,NA,NA,NA,NA,NA,NA,NA,NA,NA,NA,NA,NA,NA,NA,NA,NA,NA,NA,NA,NA,NA,NA,NA,NA,NA,NA
Guinea-Bissau,GNB,Western Africa RCC,NA,NA,points,5174258351,11.8308415,-15.6865927,OpenStreetMap via osmdata,guinea bissau | NA,NA,NA,NA,NA,NA,NA,NA,NA,NA,NA,NA,NA,NA,NA,NA,NA,NA,NA,NA,NA,NA,NA,NA,NA,NA,NA,NA,NA,NA,NA,NA,NA,NA,NA,NA,NA,NA,NA,NA,NA
Guinea-Bissau,GNB,Western Africa RCC,NA,NA,points,5174258352,11.8308792,-15.6868496,OpenStreetMap via osmdata,guinea bissau | NA,NA,NA,NA,NA,NA,NA,NA,NA,NA,NA,NA,NA,NA,NA,NA,NA,NA,NA,NA,NA,NA,NA,NA,NA,NA,NA,NA,NA,NA,NA,NA,NA,NA,NA,NA,NA,NA,NA,NA,NA
Guinea-Bissau,GNB,Western Africa RCC,NA,NA,points,5174258353,11.8309312,-15.6870557,OpenStreetMap via osmdata,guinea bissau | NA,NA,NA,NA,NA,NA,NA,NA,NA,NA,NA,NA,NA,NA,NA,NA,NA,NA,NA,NA,NA,NA,NA,NA,NA,NA,NA,NA,NA,NA,NA,NA,NA,NA,NA,NA,NA,NA,NA,NA,NA
Guinea-Bissau,GNB,Western Africa RCC,NA,NA,points,5174258354,11.8308247,-15.6870576,OpenStreetMap via osmdata,guinea bissau | NA,NA,NA,NA,NA,NA,NA,NA,NA,NA,NA,NA,NA,NA,NA,NA,NA,NA,NA,NA,NA,NA,NA,NA,NA,NA,NA,NA,NA,NA,NA,NA,NA,NA,NA,NA,NA,NA,NA,NA,NA
Guinea-Bissau,GNB,Western Africa RCC,NA,NA,points,5174258355,11.8310255,-15.6865239,OpenStreetMap via osmdata,guinea bissau | NA,NA,NA,NA,NA,NA,NA,NA,NA,NA,NA,NA,NA,NA,NA,NA,NA,NA,NA,NA,NA,NA,NA,NA,NA,NA,NA,NA,NA,NA,NA,NA,NA,NA,NA,NA,NA,NA,NA,NA,NA
Guinea-Bissau,GNB,Western Africa RCC,NA,NA,points,5174258356,11.831115,-15.6865193,OpenStreetMap via osmdata,guinea bissau | NA,NA,NA,NA,NA,NA,NA,NA,NA,NA,NA,NA,NA,NA,NA,NA,NA,NA,NA,NA,NA,NA,NA,NA,NA,NA,NA,NA,NA,NA,NA,NA,NA,NA,NA,NA,NA,NA,NA,NA,NA
Guinea-Bissau,GNB,Western Africa RCC,NA,NA,points,5174258359,11.8309236,-15.6863455,OpenStreetMap via osmdata,guinea bissau | NA,NA,NA,NA,NA,NA,NA,NA,NA,NA,NA,NA,NA,NA,NA,NA,NA,NA,NA,NA,NA,NA,NA,NA,NA,NA,NA,NA,NA,NA,NA,NA,NA,NA,NA,NA,NA,NA,NA,NA,NA
Guinea-Bissau,GNB,Western Africa RCC,NA,NA,points,5174258360,11.8309992,-15.6862503,OpenStreetMap via osmdata,guinea bissau | NA,NA,NA,NA,NA,NA,NA,NA,NA,NA,NA,NA,NA,NA,NA,NA,NA,NA,NA,NA,NA,NA,NA,NA,NA,NA,NA,NA,NA,NA,NA,NA,NA,NA,NA,NA,NA,NA,NA,NA,NA
Guinea-Bissau,GNB,Western Africa RCC,NA,NA,points,5174258361,11.8306842,-15.6863039,OpenStreetMap via osmdata,guinea bissau | NA,NA,NA,NA,NA,NA,NA,NA,NA,NA,NA,NA,NA,NA,NA,NA,NA,NA,NA,NA,NA,NA,NA,NA,NA,NA,NA,NA,NA,NA,NA,NA,NA,NA,NA,NA,NA,NA,NA,NA,NA
Guinea-Bissau,GNB,Western Africa RCC,NA,NA,points,5174258364,11.8309413,-15.6864634,OpenStreetMap via osmdata,guinea bissau | NA,NA,NA,NA,NA,NA,NA,NA,NA,NA,NA,NA,NA,NA,NA,NA,NA,NA,NA,NA,NA,NA,NA,NA,NA,NA,NA,NA,NA,NA,NA,NA,NA,NA,NA,NA,NA,NA,NA,NA,NA
Guinea-Bissau,GNB,Western Africa RCC,NA,NA,points,5174258366,11.8311515,-15.6868243,OpenStreetMap via osmdata,guinea bissau | NA,NA,NA,NA,NA,NA,NA,NA,NA,NA,NA,NA,NA,NA,NA,NA,NA,NA,NA,NA,NA,NA,NA,NA,NA,NA,NA,NA,NA,NA,NA,NA,NA,NA,NA,NA,NA,NA,NA,NA,NA
Guinea-Bissau,GNB,Western Africa RCC,NA,NA,points,5174258367,11.8306999,-15.6865775,OpenStreetMap via osmdata,guinea bissau | NA,NA,NA,NA,NA,NA,NA,NA,NA,NA,NA,NA,NA,NA,NA,NA,NA,NA,NA,NA,NA,NA,NA,NA,NA,NA,NA,NA,NA,NA,NA,NA,NA,NA,NA,NA,NA,NA,NA,NA,NA
Guinea-Bissau,GNB,Western Africa RCC,NA,NA,points,5174258368,11.8304742,-15.6866043,OpenStreetMap via osmdata,guinea bissau | NA,NA,NA,NA,NA,NA,NA,NA,NA,NA,NA,NA,NA,NA,NA,NA,NA,NA,NA,NA,NA,NA,NA,NA,NA,NA,NA,NA,NA,NA,NA,NA,NA,NA,NA,NA,NA,NA,NA,NA,NA
Guinea-Bissau,GNB,Western Africa RCC,NA,NA,points,5174258376,11.8305057,-15.6867277,OpenStreetMap via osmdata,guinea bissau | NA,NA,NA,NA,NA,NA,NA,NA,NA,NA,NA,NA,NA,NA,NA,NA,NA,NA,NA,NA,NA,NA,NA,NA,NA,NA,NA,NA,NA,NA,NA,NA,NA,NA,NA,NA,NA,NA,NA,NA,NA
Guinea-Bissau,GNB,Western Africa RCC,NA,NA,points,5268148772,11.4613491,-15.9137902,OpenStreetMap via osmdata,guinea bissau | NA,NA,NA,NA,NA,NA,NA,NA,NA,NA,NA,NA,NA,NA,NA,NA,NA,NA,NA,NA,NA,NA,NA,NA,NA,NA,NA,NA,NA,NA,NA,NA,NA,NA,NA,NA,NA,NA,NA,NA,NA
Guinea-Bissau,GNB,Western Africa RCC,NA,NA,points,5268148773,11.4614181,-15.9137562,OpenStreetMap via osmdata,guinea bissau | NA,NA,NA,NA,NA,NA,NA,NA,NA,NA,NA,NA,NA,NA,NA,NA,NA,NA,NA,NA,NA,NA,NA,NA,NA,NA,NA,NA,NA,NA,NA,NA,NA,NA,NA,NA,NA,NA,NA,NA,NA
Guinea-Bissau,GNB,Western Africa RCC,NA,NA,points,5268148774,11.4615073,-15.9139448,OpenStreetMap via osmdata,guinea bissau | NA,NA,NA,NA,NA,NA,NA,NA,NA,NA,NA,NA,NA,NA,NA,NA,NA,NA,NA,NA,NA,NA,NA,NA,NA,NA,NA,NA,NA,NA,NA,NA,NA,NA,NA,NA,NA,NA,NA,NA,NA
Guinea-Bissau,GNB,Western Africa RCC,NA,NA,points,5268148775,11.4614384,-15.9139787,OpenStreetMap via osmdata,guinea bissau | NA,NA,NA,NA,NA,NA,NA,NA,NA,NA,NA,NA,NA,NA,NA,NA,NA,NA,NA,NA,NA,NA,NA,NA,NA,NA,NA,NA,NA,NA,NA,NA,NA,NA,NA,NA,NA,NA,NA,NA,NA
Guinea-Bissau,GNB,Western Africa RCC,Farmácia Salah-Din,pharmacy,points,5709585652,11.8581071,-15.6045014,OpenStreetMap via osmdata,guinea bissau | farm cia salah din,Farmácia Salah-Din,NA,NA,pharmacy,NA,NA,yes,NA,NA,NA,NA,NA,pharmacy,NA,NA,NA,NA,NA,NA,NA,NA,NA,NA,NA,NA,NA,NA,NA,NA,NA,NA,NA,NA,NA,NA,NA,NA,NA,NA,farm cia salah din
Guinea-Bissau,GNB,Western Africa RCC,Farmácia Central,pharmacy,points,5709585676,11.8583122,-15.6005174,OpenStreetMap via osmdata,guinea bissau | farm cia central,Farmácia Central,NA,NA,pharmacy,NA,NA,yes,NA,NA,NA,NA,NA,pharmacy,NA,NA,NA,NA,NA,NA,NA,NA,NA,NA,NA,NA,NA,NA,NA,NA,NA,NA,NA,NA,NA,NA,NA,NA,NA,NA,farm cia central
Guinea-Bissau,GNB,Western Africa RCC,Farmácia Amílcar Cabral,pharmacy,points,5709585697,11.8584105,-15.5974757,OpenStreetMap via osmdata,guinea bissau | farm cia am lcar cabral,Farmácia Amílcar Cabral,NA,NA,pharmacy,NA,NA,yes,NA,NA,NA,NA,NA,pharmacy,NA,NA,NA,NA,NA,NA,NA,NA,NA,NA,NA,NA,NA,NA,NA,NA,NA,NA,NA,NA,NA,NA,NA,NA,NA,NA,farm cia am lcar cabral
Guinea-Bissau,GNB,Western Africa RCC,NA,NA,points,5715294236,12.1689672,-14.6594932,OpenStreetMap via osmdata,guinea bissau | NA,NA,NA,NA,NA,NA,NA,NA,NA,NA,NA,NA,NA,NA,NA,NA,NA,NA,NA,NA,NA,NA,NA,NA,NA,NA,NA,NA,NA,NA,NA,NA,NA,NA,NA,NA,NA,NA,NA,NA,NA
Guinea-Bissau,GNB,Western Africa RCC,NA,NA,points,5715294237,12.1693157,-14.6591457,OpenStreetMap via osmdata,guinea bissau | NA,NA,NA,NA,NA,NA,NA,NA,NA,NA,NA,NA,NA,NA,NA,NA,NA,NA,NA,NA,NA,NA,NA,NA,NA,NA,NA,NA,NA,NA,NA,NA,NA,NA,NA,NA,NA,NA,NA,NA,NA
Guinea-Bissau,GNB,Western Africa RCC,NA,NA,points,5715294238,12.1694578,-14.6590004,OpenStreetMap via osmdata,guinea bissau | NA,NA,NA,NA,NA,NA,NA,NA,NA,NA,NA,NA,NA,NA,NA,NA,NA,NA,NA,NA,NA,NA,NA,NA,NA,NA,NA,NA,NA,NA,NA,NA,NA,NA,NA,NA,NA,NA,NA,NA,NA
Guinea-Bissau,GNB,Western Africa RCC,NA,NA,points,5715294239,12.168839,-14.6583974,OpenStreetMap via osmdata,guinea bissau | NA,NA,NA,NA,NA,NA,NA,NA,NA,NA,NA,NA,NA,NA,NA,NA,NA,NA,NA,NA,NA,NA,NA,NA,NA,NA,NA,NA,NA,NA,NA,NA,NA,NA,NA,NA,NA,NA,NA,NA,NA
Guinea-Bissau,GNB,Western Africa RCC,NA,NA,points,5715294240,12.1687052,-14.6585189,OpenStreetMap via osmdata,guinea bissau | NA,NA,NA,NA,NA,NA,NA,NA,NA,NA,NA,NA,NA,NA,NA,NA,NA,NA,NA,NA,NA,NA,NA,NA,NA,NA,NA,NA,NA,NA,NA,NA,NA,NA,NA,NA,NA,NA,NA,NA,NA
Guinea-Bissau,GNB,Western Africa RCC,NA,NA,points,5715294241,12.1686963,-14.6585552,OpenStreetMap via osmdata,guinea bissau | NA,NA,NA,NA,NA,NA,NA,NA,NA,NA,NA,NA,NA,NA,NA,NA,NA,NA,NA,NA,NA,NA,NA,NA,NA,NA,NA,NA,NA,NA,NA,NA,NA,NA,NA,NA,NA,NA,NA,NA,NA
Guinea-Bissau,GNB,Western Africa RCC,NA,NA,points,5715294242,12.1685542,-14.6587483,OpenStreetMap via osmdata,guinea bissau | NA,NA,NA,NA,NA,NA,NA,NA,NA,NA,NA,NA,NA,NA,NA,NA,NA,NA,NA,NA,NA,NA,NA,NA,NA,NA,NA,NA,NA,NA,NA,NA,NA,NA,NA,NA,NA,NA,NA,NA,NA
Guinea-Bissau,GNB,Western Africa RCC,NA,NA,points,5715294243,12.1684477,-14.6588868,OpenStreetMap via osmdata,guinea bissau | NA,NA,NA,NA,NA,NA,NA,NA,NA,NA,NA,NA,NA,NA,NA,NA,NA,NA,NA,NA,NA,NA,NA,NA,NA,NA,NA,NA,NA,NA,NA,NA,NA,NA,NA,NA,NA,NA,NA,NA,NA
Guinea-Bissau,GNB,Western Africa RCC,NA,NA,points,5715294244,12.1684277,-14.6589595,OpenStreetMap via osmdata,guinea bissau | NA,NA,NA,NA,NA,NA,NA,NA,NA,NA,NA,NA,NA,NA,NA,NA,NA,NA,NA,NA,NA,NA,NA,NA,NA,NA,NA,NA,NA,NA,NA,NA,NA,NA,NA,NA,NA,NA,NA,NA,NA
Guinea-Bissau,GNB,Western Africa RCC,NA,NA,points,5715294245,12.1685698,-14.6590798,OpenStreetMap via osmdata,guinea bissau | NA,NA,NA,NA,NA,NA,NA,NA,NA,NA,NA,NA,NA,NA,NA,NA,NA,NA,NA,NA,NA,NA,NA,NA,NA,NA,NA,NA,NA,NA,NA,NA,NA,NA,NA,NA,NA,NA,NA,NA,NA
Guinea-Bissau,GNB,Western Africa RCC,NA,NA,points,5715294246,12.1688337,-14.659425,OpenStreetMap via osmdata,guinea bissau | NA,NA,NA,NA,NA,NA,NA,NA,NA,NA,NA,NA,NA,NA,NA,NA,NA,NA,NA,NA,NA,NA,NA,NA,NA,NA,NA,NA,NA,NA,NA,NA,NA,NA,NA,NA,NA,NA,NA,NA,NA
Guinea-Bissau,GNB,Western Africa RCC,NA,NA,points,5715294247,12.1688628,-14.6594046,OpenStreetMap via osmdata,guinea bissau | NA,NA,NA,NA,NA,NA,NA,NA,NA,NA,NA,NA,NA,NA,NA,NA,NA,NA,NA,NA,NA,NA,NA,NA,NA,NA,NA,NA,NA,NA,NA,NA,NA,NA,NA,NA,NA,NA,NA,NA,NA
Guinea-Bissau,GNB,Western Africa RCC,NA,pharmacy,points,6036940765,12.169668,-14.6590992,OpenStreetMap via osmdata,guinea bissau | NA,NA,NA,NA,pharmacy,NA,NA,NA,NA,NA,NA,NA,NA,pharmacy,NA,NA,NA,NA,NA,NA,NA,NA,NA,NA,NA,NA,NA,NA,NA,NA,NA,NA,NA,NA,NA,NA,NA,NA,NA,NA,NA
Guinea-Bissau,GNB,Western Africa RCC,NA,NA,points,6037152887,11.2378789,-15.0399071,OpenStreetMap via osmdata,guinea bissau | NA,NA,NA,NA,NA,NA,NA,NA,NA,NA,NA,NA,NA,NA,NA,NA,NA,NA,NA,NA,NA,NA,NA,NA,NA,NA,NA,NA,NA,NA,NA,NA,NA,NA,NA,NA,NA,NA,NA,NA,NA
Guinea-Bissau,GNB,Western Africa RCC,NA,NA,points,6037152888,11.2379201,-15.0399786,OpenStreetMap via osmdata,guinea bissau | NA,NA,NA,NA,NA,NA,NA,NA,NA,NA,NA,NA,NA,NA,NA,NA,NA,NA,NA,NA,NA,NA,NA,NA,NA,NA,NA,NA,NA,NA,NA,NA,NA,NA,NA,NA,NA,NA,NA,NA,NA
Guinea-Bissau,GNB,Western Africa RCC,NA,NA,points,6037152889,11.2377748,-15.0400379,OpenStreetMap via osmdata,guinea bissau | NA,NA,NA,NA,NA,NA,NA,NA,NA,NA,NA,NA,NA,NA,NA,NA,NA,NA,NA,NA,NA,NA,NA,NA,NA,NA,NA,NA,NA,NA,NA,NA,NA,NA,NA,NA,NA,NA,NA,NA,NA
Guinea-Bissau,GNB,Western Africa RCC,NA,NA,points,6037152890,11.2376828,-15.0398528,OpenStreetMap via osmdata,guinea bissau | NA,NA,NA,NA,NA,NA,NA,NA,NA,NA,NA,NA,NA,NA,NA,NA,NA,NA,NA,NA,NA,NA,NA,NA,NA,NA,NA,NA,NA,NA,NA,NA,NA,NA,NA,NA,NA,NA,NA,NA,NA
Guinea-Bissau,GNB,Western Africa RCC,NA,NA,points,6037152891,11.237799,-15.0397836,OpenStreetMap via osmdata,guinea bissau | NA,NA,NA,NA,NA,NA,NA,NA,NA,NA,NA,NA,NA,NA,NA,NA,NA,NA,NA,NA,NA,NA,NA,NA,NA,NA,NA,NA,NA,NA,NA,NA,NA,NA,NA,NA,NA,NA,NA,NA,NA
Guinea-Bissau,GNB,Western Africa RCC,NA,NA,points,6037152892,11.2378353,-15.03987,OpenStreetMap via osmdata,guinea bissau | NA,NA,NA,NA,NA,NA,NA,NA,NA,NA,NA,NA,NA,NA,NA,NA,NA,NA,NA,NA,NA,NA,NA,NA,NA,NA,NA,NA,NA,NA,NA,NA,NA,NA,NA,NA,NA,NA,NA,NA,NA
Guinea-Bissau,GNB,Western Africa RCC,NA,NA,points,6037152893,11.237753,-15.0398848,OpenStreetMap via osmdata,guinea bissau | NA,NA,NA,NA,NA,NA,NA,NA,NA,NA,NA,NA,NA,NA,NA,NA,NA,NA,NA,NA,NA,NA,NA,NA,NA,NA,NA,NA,NA,NA,NA,NA,NA,NA,NA,NA,NA,NA,NA,NA,NA
Guinea-Bissau,GNB,Western Africa RCC,NA,NA,points,6037152894,11.2377918,-15.0399589,OpenStreetMap via osmdata,guinea bissau | NA,NA,NA,NA,NA,NA,NA,NA,NA,NA,NA,NA,NA,NA,NA,NA,NA,NA,NA,NA,NA,NA,NA,NA,NA,NA,NA,NA,NA,NA,NA,NA,NA,NA,NA,NA,NA,NA,NA,NA,NA
Guinea-Bissau,GNB,Western Africa RCC,NA,pharmacy,points,6037152895,11.2378241,-15.0398432,OpenStreetMap via osmdata,guinea bissau | NA,NA,NA,NA,pharmacy,NA,NA,yes,NA,NA,NA,NA,NA,pharmacy,NA,NA,NA,NA,NA,NA,NA,NA,NA,NA,NA,NA,NA,NA,NA,NA,NA,NA,NA,NA,NA,NA,NA,NA,NA,NA,NA
Guinea-Bissau,GNB,Western Africa RCC,Ideal,pharmacy,points,6037567865,12.2791392,-14.2196048,OpenStreetMap via osmdata,guinea bissau | ideal,Ideal,NA,NA,pharmacy,NA,NA,NA,NA,NA,NA,NA,NA,pharmacy,NA,NA,NA,NA,NA,NA,NA,NA,NA,NA,NA,NA,NA,NA,NA,NA,NA,NA,NA,NA,NA,NA,NA,NA,NA,NA,ideal
Guinea-Bissau,GNB,Western Africa RCC,NA,NA,points,6528074920,11.8309201,-15.6864667,OpenStreetMap via osmdata,guinea bissau | NA,NA,NA,NA,NA,NA,NA,NA,NA,NA,NA,NA,NA,NA,NA,NA,NA,NA,NA,NA,NA,NA,NA,NA,NA,NA,NA,NA,NA,NA,NA,NA,NA,NA,NA,NA,NA,NA,NA,NA,NA
Guinea-Bissau,GNB,Western Africa RCC,NA,NA,points,6528074921,11.8309307,-15.6865372,OpenStreetMap via osmdata,guinea bissau | NA,NA,NA,NA,NA,NA,NA,NA,NA,NA,NA,NA,NA,NA,NA,NA,NA,NA,NA,NA,NA,NA,NA,NA,NA,NA,NA,NA,NA,NA,NA,NA,NA,NA,NA,NA,NA,NA,NA,NA,NA
Guinea-Bissau,GNB,Western Africa RCC,NA,NA,points,6528074922,11.8308215,-15.6865543,OpenStreetMap via osmdata,guinea bissau | NA,NA,NA,NA,NA,NA,NA,NA,NA,NA,NA,NA,NA,NA,NA,NA,NA,NA,NA,NA,NA,NA,NA,NA,NA,NA,NA,NA,NA,NA,NA,NA,NA,NA,NA,NA,NA,NA,NA,NA,NA
Guinea-Bissau,GNB,Western Africa RCC,NA,NA,points,6528074923,11.8307932,-15.6863661,OpenStreetMap via osmdata,guinea bissau | NA,NA,NA,NA,NA,NA,NA,NA,NA,NA,NA,NA,NA,NA,NA,NA,NA,NA,NA,NA,NA,NA,NA,NA,NA,NA,NA,NA,NA,NA,NA,NA,NA,NA,NA,NA,NA,NA,NA,NA,NA
Guinea-Bissau,GNB,Western Africa RCC,NA,NA,points,6528074924,11.8308009,-15.6869229,OpenStreetMap via osmdata,guinea bissau | NA,NA,NA,NA,NA,NA,NA,NA,NA,NA,NA,NA,NA,NA,NA,NA,NA,NA,NA,NA,NA,NA,NA,NA,NA,NA,NA,NA,NA,NA,NA,NA,NA,NA,NA,NA,NA,NA,NA,NA,NA
Guinea-Bissau,GNB,Western Africa RCC,NA,NA,points,6528074925,11.8307064,-15.6866144,OpenStreetMap via osmdata,guinea bissau | NA,NA,NA,NA,NA,NA,NA,NA,NA,NA,NA,NA,NA,NA,NA,NA,NA,NA,NA,NA,NA,NA,NA,NA,NA,NA,NA,NA,NA,NA,NA,NA,NA,NA,NA,NA,NA,NA,NA,NA,NA
Guinea-Bissau,GNB,Western Africa RCC,Canhabaque Centro de Saude,clinic,points,6815647885,11.2727,-15.7173,OpenStreetMap via osmdata,guinea bissau | canhabaque centro de saude,Canhabaque Centro de Saude,NA,NA,clinic,NA,NA,NA,solar,NA,NA,NA,NA,clinic,NA,no,NA,NA,NA,NA,NA,Mo-Fr 08:00-15:00,operational,moh,government,NA,NA,NA,2,powered_pump,NA,NA,NA,NA,NA,NA,NA,NA,NA,NA,canhabaque centro de saude
Guinea-Bissau,GNB,Western Africa RCC,Formosa Centro de Saude,clinic,points,6815647886,11.4614672,-15.9137861,OpenStreetMap via osmdata,guinea bissau | formosa centro de saude,Formosa Centro de Saude,NA,NA,clinic,NA,NA,NA,solar,NA,NA,NA,NA,clinic,NA,no,NA,NA,NA,NA,NA,NA,operational,moh,government,NA,NA,NA,2,powered_pump,NA,NA,NA,NA,NA,NA,NA,NA,NA,NA,formosa centro de saude
Guinea-Bissau,GNB,Western Africa RCC,Orango grande Centro de Saude,clinic,points,6815647887,11.1596,-16.1427,OpenStreetMap via osmdata,guinea bissau | orango grande centro de saude,Orango grande Centro de Saude,NA,NA,clinic,NA,NA,NA,solar,NA,NA,NA,NA,clinic,NA,NA,NA,NA,NA,NA,NA,Mo-Fr 08:00-15:00,operational,moh,government,NA,NA,NA,2,powered_pump,NA,NA,NA,NA,NA,NA,NA,NA,NA,NA,orango grande centro de saude
Guinea-Bissau,GNB,Western Africa RCC,Pecixe Centro de Saude,clinic,points,6815664985,11.7678,-16.0576,OpenStreetMap via osmdata,guinea bissau | pecixe centro de saude,Pecixe Centro de Saude,NA,NA,clinic,NA,NA,NA,solar,NA,NA,NA,NA,clinic,NA,NA,NA,NA,NA,NA,NA,Mo-Fr 08:00-16:00,operational,moh,government,NA,NA,NA,NA,powered_pump,NA,NA,NA,NA,NA,NA,NA,NA,NA,NA,pecixe centro de saude
Guinea-Bissau,GNB,Western Africa RCC,NA,NA,points,6860782979,11.7816834,-15.399906,OpenStreetMap via osmdata,guinea bissau | NA,NA,NA,NA,NA,NA,NA,NA,NA,NA,NA,NA,NA,NA,NA,NA,NA,NA,NA,NA,NA,NA,NA,NA,NA,NA,NA,NA,NA,NA,NA,NA,NA,NA,NA,NA,NA,NA,NA,NA,NA
Guinea-Bissau,GNB,Western Africa RCC,NA,NA,points,6860782980,11.7817189,-15.3997662,OpenStreetMap via osmdata,guinea bissau | NA,NA,NA,NA,NA,NA,NA,NA,NA,NA,NA,NA,NA,NA,NA,NA,NA,NA,NA,NA,NA,NA,NA,NA,NA,NA,NA,NA,NA,NA,NA,NA,NA,NA,NA,NA,NA,NA,NA,NA,NA
Guinea-Bissau,GNB,Western Africa RCC,NA,NA,points,6860782981,11.7819589,-15.3998299,OpenStreetMap via osmdata,guinea bissau | NA,NA,NA,NA,NA,NA,NA,NA,NA,NA,NA,NA,NA,NA,NA,NA,NA,NA,NA,NA,NA,NA,NA,NA,NA,NA,NA,NA,NA,NA,NA,NA,NA,NA,NA,NA,NA,NA,NA,NA,NA
Guinea-Bissau,GNB,Western Africa RCC,NA,NA,points,6860782982,11.7819233,-15.3999697,OpenStreetMap via osmdata,guinea bissau | NA,NA,NA,NA,NA,NA,NA,NA,NA,NA,NA,NA,NA,NA,NA,NA,NA,NA,NA,NA,NA,NA,NA,NA,NA,NA,NA,NA,NA,NA,NA,NA,NA,NA,NA,NA,NA,NA,NA,NA,NA
Guinea-Bissau,GNB,Western Africa RCC,NA,NA,points,6860782983,11.7816216,-15.39958,OpenStreetMap via osmdata,guinea bissau | NA,NA,NA,NA,NA,NA,NA,NA,NA,NA,NA,NA,NA,NA,NA,NA,NA,NA,NA,NA,NA,NA,NA,NA,NA,NA,NA,NA,NA,NA,NA,NA,NA,NA,NA,NA,NA,NA,NA,NA,NA
Guinea-Bissau,GNB,Western Africa RCC,NA,NA,points,6860782984,11.7816597,-15.3994382,OpenStreetMap via osmdata,guinea bissau | NA,NA,NA,NA,NA,NA,NA,NA,NA,NA,NA,NA,NA,NA,NA,NA,NA,NA,NA,NA,NA,NA,NA,NA,NA,NA,NA,NA,NA,NA,NA,NA,NA,NA,NA,NA,NA,NA,NA,NA,NA
Guinea-Bissau,GNB,Western Africa RCC,NA,NA,points,6860845785,11.7819912,-15.3995312,OpenStreetMap via osmdata,guinea bissau | NA,NA,NA,NA,NA,NA,NA,NA,NA,NA,NA,NA,NA,NA,NA,NA,NA,NA,NA,NA,NA,NA,NA,NA,NA,NA,NA,NA,NA,NA,NA,NA,NA,NA,NA,NA,NA,NA,NA,NA,NA
Guinea-Bissau,GNB,Western Africa RCC,NA,NA,points,6860845786,11.7819531,-15.399673,OpenStreetMap via osmdata,guinea bissau | NA,NA,NA,NA,NA,NA,NA,NA,NA,NA,NA,NA,NA,NA,NA,NA,NA,NA,NA,NA,NA,NA,NA,NA,NA,NA,NA,NA,NA,NA,NA,NA,NA,NA,NA,NA,NA,NA,NA,NA,NA
Guinea-Bissau,GNB,Western Africa RCC,NA,NA,points,6860845787,11.7822075,-15.3997448,OpenStreetMap via osmdata,guinea bissau | NA,NA,NA,NA,NA,NA,NA,NA,NA,NA,NA,NA,NA,NA,NA,NA,NA,NA,NA,NA,NA,NA,NA,NA,NA,NA,NA,NA,NA,NA,NA,NA,NA,NA,NA,NA,NA,NA,NA,NA,NA
Guinea-Bissau,GNB,Western Africa RCC,NA,NA,points,6860845788,11.782007,-15.3996878,OpenStreetMap via osmdata,guinea bissau | NA,NA,NA,NA,NA,NA,NA,NA,NA,NA,NA,NA,NA,NA,NA,NA,NA,NA,NA,NA,NA,NA,NA,NA,NA,NA,NA,NA,NA,NA,NA,NA,NA,NA,NA,NA,NA,NA,NA,NA,NA
Guinea-Bissau,GNB,Western Africa RCC,NA,NA,points,6860845789,11.7820458,-15.3995456,OpenStreetMap via osmdata,guinea bissau | NA,NA,NA,NA,NA,NA,NA,NA,NA,NA,NA,NA,NA,NA,NA,NA,NA,NA,NA,NA,NA,NA,NA,NA,NA,NA,NA,NA,NA,NA,NA,NA,NA,NA,NA,NA,NA,NA,NA,NA,NA
Guinea-Bissau,GNB,Western Africa RCC,NA,NA,points,6860845790,11.7822462,-15.3996026,OpenStreetMap via osmdata,guinea bissau | NA,NA,NA,NA,NA,NA,NA,NA,NA,NA,NA,NA,NA,NA,NA,NA,NA,NA,NA,NA,NA,NA,NA,NA,NA,NA,NA,NA,NA,NA,NA,NA,NA,NA,NA,NA,NA,NA,NA,NA,NA
Guinea-Bissau,GNB,Western Africa RCC,NA,NA,points,7016959172,11.9587052,-15.5379394,OpenStreetMap via osmdata,guinea bissau | NA,NA,NA,NA,NA,NA,NA,NA,NA,NA,NA,NA,NA,NA,NA,NA,NA,NA,NA,NA,NA,NA,NA,NA,NA,NA,NA,NA,NA,NA,NA,NA,NA,NA,NA,NA,NA,NA,NA,NA,NA
Guinea-Bissau,GNB,Western Africa RCC,NA,NA,points,7016959173,11.9586079,-15.5379403,OpenStreetMap via osmdata,guinea bissau | NA,NA,NA,NA,NA,NA,NA,NA,NA,NA,NA,NA,NA,NA,NA,NA,NA,NA,NA,NA,NA,NA,NA,NA,NA,NA,NA,NA,NA,NA,NA,NA,NA,NA,NA,NA,NA,NA,NA,NA,NA
Guinea-Bissau,GNB,Western Africa RCC,NA,NA,points,7016959174,11.9586091,-15.5380806,OpenStreetMap via osmdata,guinea bissau | NA,NA,NA,NA,NA,NA,NA,NA,NA,NA,NA,NA,NA,NA,NA,NA,NA,NA,NA,NA,NA,NA,NA,NA,NA,NA,NA,NA,NA,NA,NA,NA,NA,NA,NA,NA,NA,NA,NA,NA,NA
Guinea-Bissau,GNB,Western Africa RCC,NA,NA,points,7016959175,11.9587063,-15.5380797,OpenStreetMap via osmdata,guinea bissau | NA,NA,NA,NA,NA,NA,NA,NA,NA,NA,NA,NA,NA,NA,NA,NA,NA,NA,NA,NA,NA,NA,NA,NA,NA,NA,NA,NA,NA,NA,NA,NA,NA,NA,NA,NA,NA,NA,NA,NA,NA
Guinea-Bissau,GNB,Western Africa RCC,NA,NA,points,7323026335,12.278901,-14.2185546,OpenStreetMap via osmdata,guinea bissau | NA,NA,NA,NA,NA,NA,NA,NA,NA,NA,NA,NA,NA,NA,NA,NA,NA,NA,NA,NA,NA,NA,NA,NA,NA,NA,NA,NA,NA,NA,NA,NA,NA,NA,NA,NA,NA,NA,NA,NA,NA
Guinea-Bissau,GNB,Western Africa RCC,NA,NA,points,7323026336,12.2788276,-14.2186002,OpenStreetMap via osmdata,guinea bissau | NA,NA,NA,NA,NA,NA,NA,NA,NA,NA,NA,NA,NA,NA,NA,NA,NA,NA,NA,NA,NA,NA,NA,NA,NA,NA,NA,NA,NA,NA,NA,NA,NA,NA,NA,NA,NA,NA,NA,NA,NA
Guinea-Bissau,GNB,Western Africa RCC,NA,NA,points,7323026337,12.2787102,-14.2184906,OpenStreetMap via osmdata,guinea bissau | NA,NA,NA,NA,NA,NA,NA,NA,NA,NA,NA,NA,NA,NA,NA,NA,NA,NA,NA,NA,NA,NA,NA,NA,NA,NA,NA,NA,NA,NA,NA,NA,NA,NA,NA,NA,NA,NA,NA,NA,NA
Guinea-Bissau,GNB,Western Africa RCC,NA,NA,points,7323026338,12.279074,-14.2180825,OpenStreetMap via osmdata,guinea bissau | NA,NA,NA,NA,NA,NA,NA,NA,NA,NA,NA,NA,NA,NA,NA,NA,NA,NA,NA,NA,NA,NA,NA,NA,NA,NA,NA,NA,NA,NA,NA,NA,NA,NA,NA,NA,NA,NA,NA,NA,NA
Guinea-Bissau,GNB,Western Africa RCC,NA,NA,points,7323026339,12.2791002,-14.2181416,OpenStreetMap via osmdata,guinea bissau | NA,NA,NA,NA,NA,NA,NA,NA,NA,NA,NA,NA,NA,NA,NA,NA,NA,NA,NA,NA,NA,NA,NA,NA,NA,NA,NA,NA,NA,NA,NA,NA,NA,NA,NA,NA,NA,NA,NA,NA,NA
Guinea-Bissau,GNB,Western Africa RCC,NA,NA,points,7323026340,12.2790644,-14.2181734,OpenStreetMap via osmdata,guinea bissau | NA,NA,NA,NA,NA,NA,NA,NA,NA,NA,NA,NA,NA,NA,NA,NA,NA,NA,NA,NA,NA,NA,NA,NA,NA,NA,NA,NA,NA,NA,NA,NA,NA,NA,NA,NA,NA,NA,NA,NA,NA
Guinea-Bissau,GNB,Western Africa RCC,NA,NA,points,7323026341,12.2790917,-14.2182055,OpenStreetMap via osmdata,guinea bissau | NA,NA,NA,NA,NA,NA,NA,NA,NA,NA,NA,NA,NA,NA,NA,NA,NA,NA,NA,NA,NA,NA,NA,NA,NA,NA,NA,NA,NA,NA,NA,NA,NA,NA,NA,NA,NA,NA,NA,NA,NA
Guinea-Bissau,GNB,Western Africa RCC,NA,NA,points,7323026342,12.2790189,-14.2182703,OpenStreetMap via osmdata,guinea bissau | NA,NA,NA,NA,NA,NA,NA,NA,NA,NA,NA,NA,NA,NA,NA,NA,NA,NA,NA,NA,NA,NA,NA,NA,NA,NA,NA,NA,NA,NA,NA,NA,NA,NA,NA,NA,NA,NA,NA,NA,NA
Guinea-Bissau,GNB,Western Africa RCC,NA,NA,points,7323026343,12.2791294,-14.2183519,OpenStreetMap via osmdata,guinea bissau | NA,NA,NA,NA,NA,NA,NA,NA,NA,NA,NA,NA,NA,NA,NA,NA,NA,NA,NA,NA,NA,NA,NA,NA,NA,NA,NA,NA,NA,NA,NA,NA,NA,NA,NA,NA,NA,NA,NA,NA,NA
Guinea-Bissau,GNB,Western Africa RCC,NA,NA,points,7323026344,12.2790923,-14.2184044,OpenStreetMap via osmdata,guinea bissau | NA,NA,NA,NA,NA,NA,NA,NA,NA,NA,NA,NA,NA,NA,NA,NA,NA,NA,NA,NA,NA,NA,NA,NA,NA,NA,NA,NA,NA,NA,NA,NA,NA,NA,NA,NA,NA,NA,NA,NA,NA
Guinea-Bissau,GNB,Western Africa RCC,NA,NA,points,7323026345,12.279032,-14.2184259,OpenStreetMap via osmdata,guinea bissau | NA,NA,NA,NA,NA,NA,NA,NA,NA,NA,NA,NA,NA,NA,NA,NA,NA,NA,NA,NA,NA,NA,NA,NA,NA,NA,NA,NA,NA,NA,NA,NA,NA,NA,NA,NA,NA,NA,NA,NA,NA
Guinea-Bissau,GNB,Western Africa RCC,NA,NA,points,7323026346,12.2791423,-14.2185116,OpenStreetMap via osmdata,guinea bissau | NA,NA,NA,NA,NA,NA,NA,NA,NA,NA,NA,NA,NA,NA,NA,NA,NA,NA,NA,NA,NA,NA,NA,NA,NA,NA,NA,NA,NA,NA,NA,NA,NA,NA,NA,NA,NA,NA,NA,NA,NA
Guinea-Bissau,GNB,Western Africa RCC,Hospital Regional de Cacheu - Buota Na Fantchamna,hospital,points,8293282865,12.0641984,-16.025445,OpenStreetMap via osmdata,guinea bissau | hospital regional de cacheu buota na fantchamna,Hospital Regional de Cacheu - Buota Na Fantchamna,NA,NA,hospital,NA,NA,NA,NA,no,NA,NA,NA,hospital,NA,NA,NA,NA,NA,NA,NA,NA,NA,NA,NA,NA,NA,NA,NA,NA,NA,NA,NA,NA,NA,NA,NA,NA,NA,NA,hospital regional de cacheu buota na fantchamna
Guinea-Bissau,GNB,Western Africa RCC,NA,pharmacy,points,8293282867,12.0637546,-16.0263648,OpenStreetMap via osmdata,guinea bissau | NA,NA,NA,NA,pharmacy,NA,NA,no,NA,NA,NA,NA,NA,pharmacy,NA,NA,NA,NA,NA,NA,NA,NA,NA,NA,NA,NA,NA,NA,NA,NA,NA,NA,NA,NA,NA,NA,NA,NA,NA,NA,NA
Guinea-Bissau,GNB,Western Africa RCC,NA,NA,points,8725505284,12.0059303,-15.4754566,OpenStreetMap via osmdata,guinea bissau | NA,NA,NA,NA,NA,NA,NA,NA,NA,NA,NA,NA,NA,NA,NA,NA,NA,NA,NA,NA,NA,NA,NA,NA,NA,NA,NA,NA,NA,NA,NA,NA,NA,NA,NA,NA,NA,NA,NA,NA,NA
Guinea-Bissau,GNB,Western Africa RCC,NA,NA,points,8725505285,12.0058467,-15.4754336,OpenStreetMap via osmdata,guinea bissau | NA,NA,NA,NA,NA,NA,NA,NA,NA,NA,NA,NA,NA,NA,NA,NA,NA,NA,NA,NA,NA,NA,NA,NA,NA,NA,NA,NA,NA,NA,NA,NA,NA,NA,NA,NA,NA,NA,NA,NA,NA
Guinea-Bissau,GNB,Western Africa RCC,NA,NA,points,8725505286,12.0058709,-15.4753418,OpenStreetMap via osmdata,guinea bissau | NA,NA,NA,NA,NA,NA,NA,NA,NA,NA,NA,NA,NA,NA,NA,NA,NA,NA,NA,NA,NA,NA,NA,NA,NA,NA,NA,NA,NA,NA,NA,NA,NA,NA,NA,NA,NA,NA,NA,NA,NA
Guinea-Bissau,GNB,Western Africa RCC,NA,NA,points,8725505287,12.0059544,-15.4753648,OpenStreetMap via osmdata,guinea bissau | NA,NA,NA,NA,NA,NA,NA,NA,NA,NA,NA,NA,NA,NA,NA,NA,NA,NA,NA,NA,NA,NA,NA,NA,NA,NA,NA,NA,NA,NA,NA,NA,NA,NA,NA,NA,NA,NA,NA,NA,NA
Guinea-Bissau,GNB,Western Africa RCC,Centro de Saúde de Prábis,hospital,points,9108219424,11.7999846,-15.7399856,OpenStreetMap via osmdata,guinea bissau | centro de sa de de pr bis,Centro de Saúde de Prábis,Prabis,Bairro Novo,hospital,NA,NA,NA,NA,NA,NA,NA,NA,hospital,general,NA,NA,NA,NA,NA,NA,NA,NA,Ministério da Saúde,public,NA,NA,NA,NA,NA,NA,NA,NA,NA,NA,NA,NA,NA,NA,NA,centro de sa de de pr bis
Guinea-Bissau,GNB,Western Africa RCC,NA,NA,points,10024672824,11.4616196,-15.913918,OpenStreetMap via osmdata,guinea bissau | NA,NA,NA,NA,NA,NA,NA,NA,NA,NA,NA,NA,NA,NA,NA,NA,NA,NA,NA,NA,NA,NA,NA,NA,NA,NA,NA,NA,NA,NA,NA,NA,NA,NA,NA,NA,NA,NA,NA,NA,NA
Guinea-Bissau,GNB,Western Africa RCC,NA,NA,points,10024672825,11.4614117,-15.914014,OpenStreetMap via osmdata,guinea bissau | NA,NA,NA,NA,NA,NA,NA,NA,NA,NA,NA,NA,NA,NA,NA,NA,NA,NA,NA,NA,NA,NA,NA,NA,NA,NA,NA,NA,NA,NA,NA,NA,NA,NA,NA,NA,NA,NA,NA,NA,NA
Guinea-Bissau,GNB,Western Africa RCC,NA,NA,points,10024672826,11.4612369,-15.9136203,OpenStreetMap via osmdata,guinea bissau | NA,NA,NA,NA,NA,NA,NA,NA,NA,NA,NA,NA,NA,NA,NA,NA,NA,NA,NA,NA,NA,NA,NA,NA,NA,NA,NA,NA,NA,NA,NA,NA,NA,NA,NA,NA,NA,NA,NA,NA,NA
Guinea-Bissau,GNB,Western Africa RCC,NA,NA,points,10024672827,11.4614449,-15.9135242,OpenStreetMap via osmdata,guinea bissau | NA,NA,NA,NA,NA,NA,NA,NA,NA,NA,NA,NA,NA,NA,NA,NA,NA,NA,NA,NA,NA,NA,NA,NA,NA,NA,NA,NA,NA,NA,NA,NA,NA,NA,NA,NA,NA,NA,NA,NA,NA
Guinea-Bissau,GNB,Western Africa RCC,Farmacia Naçao,pharmacy,points,11355743273,11.8817256,-15.6416662,OpenStreetMap via osmdata,guinea bissau | farmacia nacao,Farmacia Naçao,NA,NA,pharmacy,NA,NA,NA,NA,NA,NA,NA,NA,NA,NA,NA,NA,NA,NA,NA,NA,NA,NA,NA,NA,NA,NA,NA,NA,NA,NA,NA,NA,NA,NA,NA,NA,NA,NA,NA,farmacia nacao
Guinea-Bissau,GNB,Western Africa RCC,NA,NA,points,12319384725,12.1686507,-14.6592023,OpenStreetMap via osmdata,guinea bissau | NA,NA,NA,NA,NA,NA,NA,NA,NA,NA,NA,NA,NA,NA,NA,NA,NA,NA,NA,NA,NA,NA,NA,NA,NA,NA,NA,NA,NA,NA,NA,NA,NA,NA,NA,NA,NA,NA,NA,NA,NA
Guinea-Bissau,GNB,Western Africa RCC,Madrugada,clinic,polygons,129946595,11.896065550023408,-15.589322478331962,OpenStreetMap via osmdata,guinea bissau | madrugada,Madrugada,NA,NA,clinic,fence,NA,NA,NA,NA,NA,NA,NA,NA,NA,NA,NA,NA,NA,NA,NA,NA,NA,NA,NA,NA,NA,NA,NA,NA,NA,NA,NA,NA,industrial,NA,NA,NA,NA,NA,madrugada
Guinea-Bissau,GNB,Western Africa RCC,NA,NA,polygons,130122372,11.857447800001161,-15.617852310615076,OpenStreetMap via osmdata,guinea bissau | NA,NA,NA,NA,NA,NA,NA,NA,NA,NA,NA,NA,NA,NA,NA,NA,NA,NA,NA,NA,NA,NA,NA,NA,NA,NA,NA,NA,NA,NA,NA,NA,NA,NA,NA,NA,NA,NA,NA,NA,NA
Guinea-Bissau,GNB,Western Africa RCC,NA,NA,polygons,130122387,11.857386400014375,-15.617727149997858,OpenStreetMap via osmdata,guinea bissau | NA,NA,NA,NA,NA,NA,NA,NA,NA,NA,NA,NA,NA,NA,NA,NA,NA,NA,NA,NA,NA,NA,NA,NA,NA,NA,NA,NA,NA,NA,NA,NA,NA,NA,NA,NA,NA,NA,NA,NA,NA
Guinea-Bissau,GNB,Western Africa RCC,NA,NA,polygons,130122390,11.857248750001329,-15.617941799998736,OpenStreetMap via osmdata,guinea bissau | NA,NA,NA,NA,NA,NA,NA,NA,NA,NA,NA,NA,NA,NA,NA,NA,NA,NA,NA,NA,NA,NA,NA,NA,NA,NA,NA,NA,NA,NA,NA,NA,NA,NA,NA,NA,NA,NA,NA,NA,NA
Guinea-Bissau,GNB,Western Africa RCC,NA,NA,polygons,130122396,11.857499700000528,-15.618069649999155,OpenStreetMap via osmdata,guinea bissau | NA,NA,NA,NA,NA,NA,NA,NA,NA,NA,NA,NA,NA,NA,NA,NA,NA,NA,NA,NA,NA,NA,NA,NA,NA,NA,NA,NA,NA,NA,NA,NA,NA,NA,NA,NA,NA,NA,NA,NA,NA
Guinea-Bissau,GNB,Western Africa RCC,Hospital Militar,hospital,polygons,130275531,11.864219300437298,-15.63090319340199,OpenStreetMap via osmdata,guinea bissau | hospital militar,Hospital Militar,NA,NA,hospital,wall,NA,NA,NA,yes,NA,NA,NA,NA,NA,NA,NA,NA,NA,NA,NA,NA,NA,NA,NA,NA,NA,NA,NA,NA,NA,NA,NA,NA,military,NA,NA,NA,NA,NA,hospital militar
Guinea-Bissau,GNB,Western Africa RCC,Hospital Raoul Follereau,hospital,polygons,130631676,11.857932250253082,-15.617700838461941,OpenStreetMap via osmdata,guinea bissau | hospital raoul follereau,Hospital Raoul Follereau,NA,NA,hospital,wall,NA,NA,NA,NA,NA,NA,NA,NA,NA,NA,NA,NA,NA,NA,NA,NA,NA,NA,NA,NA,NA,NA,NA,NA,NA,NA,NA,NA,NA,NA,NA,NA,NA,NA,hospital raoul follereau
Guinea-Bissau,GNB,Western Africa RCC,Hospital 3 de Agosto,hospital,polygons,378441514,11.857169100007837,-15.616317802740241,OpenStreetMap via osmdata,guinea bissau | hospital 3 de agosto,Hospital 3 de Agosto,NA,NA,hospital,NA,NA,NA,NA,yes,NA,NA,NA,NA,NA,NA,NA,NA,NA,NA,NA,NA,NA,NA,NA,NA,NA,NA,NA,NA,NA,NA,NA,NA,NA,NA,NA,NA,NA,NA,hospital 3 de agosto
Guinea-Bissau,GNB,Western Africa RCC,NA,hospital,polygons,424813641,12.063993450339979,-16.024927136678063,OpenStreetMap via osmdata,guinea bissau | NA,NA,NA,NA,hospital,NA,NA,NA,NA,NA,NA,NA,NA,NA,NA,NA,NA,NA,NA,NA,NA,NA,NA,NA,NA,NA,NA,NA,NA,NA,NA,NA,NA,NA,NA,NA,NA,NA,NA,NA,NA
Guinea-Bissau,GNB,Western Africa RCC,Centro de Saude,clinic,polygons,493090492,11.164767300000795,-15.928113905147423,OpenStreetMap via osmdata,guinea bissau | centro de saude,Centro de Saude,NA,NA,clinic,NA,NA,NA,NA,NA,NA,NA,NA,clinic,NA,NA,NA,NA,NA,NA,NA,NA,NA,Ministerio de Saude,government,NA,NA,NA,NA,NA,NA,NA,yes,NA,NA,NA,NA,NA,NA,NA,centro de saude
Guinea-Bissau,GNB,Western Africa RCC,NA,NA,polygons,533319280,11.830943450007538,-15.686708419329799,OpenStreetMap via osmdata,guinea bissau | NA,NA,NA,NA,NA,NA,NA,NA,NA,NA,NA,NA,NA,NA,NA,NA,NA,NA,NA,NA,NA,NA,NA,NA,NA,NA,NA,NA,NA,NA,NA,NA,NA,NA,NA,NA,NA,NA,NA,NA,NA
Guinea-Bissau,GNB,Western Africa RCC,NA,NA,polygons,533319283,11.830812800000256,-15.686600785466926,OpenStreetMap via osmdata,guinea bissau | NA,NA,NA,NA,NA,NA,NA,NA,NA,NA,NA,NA,NA,NA,NA,NA,NA,NA,NA,NA,NA,NA,NA,NA,NA,NA,NA,NA,NA,NA,NA,NA,NA,NA,NA,NA,NA,NA,NA,NA,NA
Guinea-Bissau,GNB,Western Africa RCC,NA,NA,polygons,533319286,11.830870800004442,-15.686450210524988,OpenStreetMap via osmdata,guinea bissau | NA,NA,NA,NA,NA,NA,NA,NA,NA,NA,NA,NA,NA,NA,NA,NA,NA,NA,NA,NA,NA,NA,NA,NA,NA,NA,NA,NA,NA,NA,NA,NA,NA,NA,NA,NA,NA,NA,NA,NA,NA
Guinea-Bissau,GNB,Western Africa RCC,NA,clinic,polygons,545035359,11.46142825000017,-15.913867467696518,OpenStreetMap via osmdata,guinea bissau | NA,NA,NA,NA,clinic,NA,NA,NA,NA,NA,NA,NA,NA,clinic,NA,NA,NA,NA,NA,NA,NA,NA,NA,NA,NA,NA,NA,NA,NA,NA,NA,NA,yes,NA,NA,NA,NA,NA,NA,NA,NA
Guinea-Bissau,GNB,Western Africa RCC,Hospital de Bafatá,hospital,polygons,601314145,12.16891500000513,-14.658960179699642,OpenStreetMap via osmdata,guinea bissau | hospital de bafat,Hospital de Bafatá,NA,NA,hospital,NA,NA,NA,NA,NA,NA,NA,NA,hospital,NA,NA,NA,NA,NA,NA,NA,NA,NA,NA,NA,NA,NA,NA,NA,NA,NA,NA,NA,NA,NA,NA,NA,NA,NA,NA,hospital de bafat
Guinea-Bissau,GNB,Western Africa RCC,NA,hospital,polygons,640933481,11.237817150000565,-15.039982219977462,OpenStreetMap via osmdata,guinea bissau | NA,NA,NA,NA,hospital,NA,NA,NA,NA,NA,NA,NA,NA,hospital,NA,NA,NA,NA,NA,NA,NA,NA,NA,NA,NA,NA,NA,NA,NA,NA,NA,NA,NA,NA,NA,NA,NA,NA,NA,NA,NA
Guinea-Bissau,GNB,Western Africa RCC,Hospital do setor de Tite,hospital,polygons,732678669,11.781821100019009,-15.399867944344726,OpenStreetMap via osmdata,guinea bissau | hospital do setor de tite,Hospital do setor de Tite,Tite,NA,hospital,NA,NA,NA,NA,NA,NA,NA,NA,hospital,general,NA,NA,NA,NA,NA,NA,NA,NA,NA,NA,NA,NA,NA,NA,NA,NA,NA,NA,NA,NA,NA,NA,NA,NA,NA,hospital do setor de tite
Guinea-Bissau,GNB,Western Africa RCC,Hospital do setor de Tite,hospital,polygons,732678670,11.781806400039173,-15.399555599997145,OpenStreetMap via osmdata,guinea bissau | hospital do setor de tite,Hospital do setor de Tite,Tite,NA,hospital,NA,NA,NA,NA,NA,NA,NA,NA,hospital,general,NA,NA,NA,NA,NA,NA,NA,NA,NA,NA,NA,NA,NA,NA,NA,NA,NA,NA,NA,NA,NA,NA,NA,NA,NA,hospital do setor de tite
Guinea-Bissau,GNB,Western Africa RCC,Hospital do setor de Tite,hospital,polygons,732678671,11.782126650011897,-15.399645205733103,OpenStreetMap via osmdata,guinea bissau | hospital do setor de tite,Hospital do setor de Tite,Tite,NA,hospital,NA,NA,NA,NA,NA,NA,NA,NA,hospital,general,NA,NA,NA,NA,NA,NA,NA,NA,NA,NA,NA,NA,NA,NA,NA,NA,NA,NA,NA,NA,NA,NA,NA,NA,NA,hospital do setor de tite
Guinea-Bissau,GNB,Western Africa RCC,NA,doctors,polygons,750443845,11.95865715000426,-15.538009999771372,OpenStreetMap via osmdata,guinea bissau | NA,NA,NA,NA,doctors,NA,NA,NA,NA,NA,NA,NA,NA,doctor,NA,NA,NA,NA,NA,NA,NA,NA,NA,NA,NA,NA,NA,NA,NA,NA,NA,NA,yes,NA,NA,NA,NA,NA,NA,NA,NA
Guinea-Bissau,GNB,Western Africa RCC,NA,hospital,polygons,783958576,12.2789599500066,-14.218405441503874,OpenStreetMap via osmdata,guinea bissau | NA,NA,NA,NA,hospital,NA,NA,NA,NA,NA,NA,NA,NA,hospital,NA,NA,NA,NA,NA,NA,NA,NA,NA,NA,NA,NA,NA,NA,NA,NA,NA,NA,NA,NA,NA,NA,NA,NA,NA,NA,NA
Guinea-Bissau,GNB,Western Africa RCC,Ambulatorio medico,doctors,polygons,942281965,12.00590060000163,-15.47539920489248,OpenStreetMap via osmdata,guinea bissau | ambulatorio medico,Ambulatorio medico,NA,NA,doctors,NA,NA,NA,NA,NA,NA,NA,NA,NA,NA,NA,NA,NA,NA,NA,NA,NA,NA,NA,NA,NA,NA,NA,NA,NA,NA,NA,yes,NA,NA,NA,NA,NA,NA,NA,ambulatorio medico
Guinea-Bissau,GNB,Western Africa RCC,NA,hospital,polygons,1094526269,11.461428300000486,-15.913769102150154,OpenStreetMap via osmdata,guinea bissau | NA,NA,NA,NA,hospital,NA,NA,NA,NA,NA,NA,NA,NA,hospital,NA,NA,NA,NA,NA,NA,NA,NA,NA,NA,NA,NA,NA,NA,NA,NA,NA,NA,NA,NA,NA,NA,NA,NA,NA,NA,NA
Guinea-Bissau,GNB,Western Africa RCC,NA,hospital,multipolygons,1753787,11.857425250000016,-15.61795887664865,OpenStreetMap via osmdata,guinea bissau | NA,NA,NA,NA,hospital,NA,NA,NA,NA,NA,NA,NA,NA,hospital,NA,NA,NA,NA,NA,NA,NA,NA,NA,NA,NA,NA,NA,NA,NA,NA,NA,NA,NA,NA,NA,NA,NA,NA,NA,multipolygon,NA
Guinea-Bissau,GNB,Western Africa RCC,Hôpital de Cumura (lèpre et tuberculose),hospital,multipolygons,9659980,11.83081120000019,-15.686702903244798,OpenStreetMap via osmdata,guinea bissau | hopital de cumura lepre et tuberculose,Hôpital de Cumura (lèpre et tuberculose),NA,NA,hospital,NA,NA,NA,NA,no,NA,NA,NA,NA,NA,NA,NA,NA,NA,NA,NA,NA,NA,NA,NA,NA,NA,NA,NA,NA,NA,NA,NA,NA,NA,NA,NA,NA,NA,multipolygon,hopital de cumura lepre et tuberculose
